patient,image_path,dice,has_tumour,pred_area,true_area,mean_entropy,fg_entropy,tta_disagree,boundary_ent
TCGA_CS_4942_19970222,kaggle_3m\TCGA_CS_4942_19970222\TCGA_CS_4942_19970222_10.tif,0.9436405179000898,True,1369.0,1257.0,0.001589119667187333,0.07601791620254517,0.014593937425237402,0.4678516089916229
TCGA_CS_4942_19970222,kaggle_3m\TCGA_CS_4942_19970222\TCGA_CS_4942_19970222_11.tif,0.9641485275299568,True,1585.0,1539.0,0.001360721536912024,0.05622714012861252,0.010252519489439615,0.49264538288116455
TCGA_CS_4942_19970222,kaggle_3m\TCGA_CS_4942_19970222\TCGA_CS_4942_19970222_12.tif,0.9532184312362568,True,1460.0,1383.0,0.0014768834225833416,0.06624848395586014,0.013060111880348502,0.48169970512390137
TCGA_CS_4942_19970222,kaggle_3m\TCGA_CS_4942_19970222\TCGA_CS_4942_19970222_13.tif,0.9473684210547957,True,1216.0,1216.0,0.0018421735148876905,0.09920187294483185,0.020147826144169767,0.4795560836791992
TCGA_CS_4942_19970222,kaggle_3m\TCGA_CS_4942_19970222\TCGA_CS_4942_19970222_14.tif,0.9156626506083868,True,650.0,761.0,0.0012827939353883266,0.1291385293006897,0.026991064070936654,0.4978603422641754
TCGA_CS_4942_19970222,kaggle_3m\TCGA_CS_4942_19970222\TCGA_CS_4942_19970222_15.tif,1.0,False,0.0,0.0,5.5305859859799966e-05,3.6245248317718506,0.0,0.0
TCGA_CS_4942_19970222,kaggle_3m\TCGA_CS_4942_19970222\TCGA_CS_4942_19970222_16.tif,1.0,False,0.0,0.0,5.596106348093599e-05,3.667464256286621,0.0,0.0
TCGA_CS_4942_19970222,kaggle_3m\TCGA_CS_4942_19970222\TCGA_CS_4942_19970222_17.tif,1.0,False,0.0,0.0,6.583706999663264e-05,4.314698219299316,0.0,0.0
TCGA_CS_4942_19970222,kaggle_3m\TCGA_CS_4942_19970222\TCGA_CS_4942_19970222_18.tif,1.0,False,0.0,0.0,6.41917868051678e-05,4.206872940063477,0.0,0.0
TCGA_CS_4942_19970222,kaggle_3m\TCGA_CS_4942_19970222\TCGA_CS_4942_19970222_19.tif,1.0,False,0.0,0.0,0.00013961271906737238,9.149659156799316,0.0,0.0
TCGA_CS_4942_19970222,kaggle_3m\TCGA_CS_4942_19970222\TCGA_CS_4942_19970222_1.tif,1.0,False,0.0,0.0,2.6511752366786823e-05,1.7374742031097412,0.0,0.0
TCGA_CS_4942_19970222,kaggle_3m\TCGA_CS_4942_19970222\TCGA_CS_4942_19970222_20.tif,1.0,False,0.0,0.0,2.598243190732319e-05,1.7027846574783325,0.0,0.0
TCGA_CS_4942_19970222,kaggle_3m\TCGA_CS_4942_19970222\TCGA_CS_4942_19970222_2.tif,1.0,False,0.0,0.0,3.746978109120391e-05,2.4556195735931396,0.0,0.0
TCGA_CS_4942_19970222,kaggle_3m\TCGA_CS_4942_19970222\TCGA_CS_4942_19970222_3.tif,1.0,False,0.0,0.0,4.658624675357714e-05,3.0530762672424316,0.0,0.0
TCGA_CS_4942_19970222,kaggle_3m\TCGA_CS_4942_19970222\TCGA_CS_4942_19970222_4.tif,1.0,False,0.0,0.0,4.162343975622207e-05,2.7278337478637695,0.0,0.0
TCGA_CS_4942_19970222,kaggle_3m\TCGA_CS_4942_19970222\TCGA_CS_4942_19970222_5.tif,1.0,False,0.0,0.0,4.539365545497276e-05,2.9749186038970947,0.0,0.0
TCGA_CS_4942_19970222,kaggle_3m\TCGA_CS_4942_19970222\TCGA_CS_4942_19970222_6.tif,1.0,False,0.0,0.0,3.9626880607102066e-05,2.596987247467041,0.0,0.0
TCGA_CS_4942_19970222,kaggle_3m\TCGA_CS_4942_19970222\TCGA_CS_4942_19970222_7.tif,1.0,False,0.0,0.0,4.5269807742442936e-05,2.9668021202087402,0.0,0.0
TCGA_CS_4942_19970222,kaggle_3m\TCGA_CS_4942_19970222\TCGA_CS_4942_19970222_8.tif,1.0,False,0.0,0.0,4.788836304214783e-05,3.1384117603302,0.0,0.0
TCGA_CS_4942_19970222,kaggle_3m\TCGA_CS_4942_19970222\TCGA_CS_4942_19970222_9.tif,0.8873239436680757,True,890.0,956.0,0.002285576891154051,0.16811174154281616,0.03736151122201592,0.47295716404914856
TCGA_CS_6188_20010812,kaggle_3m\TCGA_CS_6188_20010812\TCGA_CS_6188_20010812_10.tif,1.0,False,0.0,0.0,4.319435902289115e-05,2.8307855129241943,0.0,0.0
TCGA_CS_6188_20010812,kaggle_3m\TCGA_CS_6188_20010812\TCGA_CS_6188_20010812_11.tif,1.0,False,0.0,0.0,4.871606870437972e-05,3.1926562786102295,0.0,0.0
TCGA_CS_6188_20010812,kaggle_3m\TCGA_CS_6188_20010812\TCGA_CS_6188_20010812_12.tif,1.0,False,0.0,0.0,6.149895489215851e-05,4.0303955078125,0.0,0.0
TCGA_CS_6188_20010812,kaggle_3m\TCGA_CS_6188_20010812\TCGA_CS_6188_20010812_13.tif,1.0,False,0.0,0.0,6.795101944589987e-05,4.453238010406494,0.0,0.0
TCGA_CS_6188_20010812,kaggle_3m\TCGA_CS_6188_20010812\TCGA_CS_6188_20010812_14.tif,8.620689647740785e-10,True,0.0,116.0,7.396227010758594e-05,4.847191333770752,0.0,0.0
TCGA_CS_6188_20010812,kaggle_3m\TCGA_CS_6188_20010812\TCGA_CS_6188_20010812_15.tif,0.4643179765614888,True,260.0,847.0,0.003695494495332241,0.9279230833053589,0.2511468932996659,0.4946739375591278
TCGA_CS_6188_20010812,kaggle_3m\TCGA_CS_6188_20010812\TCGA_CS_6188_20010812_16.tif,0.9458631256439364,True,484.0,495.0,0.0014335419982671738,0.19370846450328827,0.03383213503986948,0.4844180941581726
TCGA_CS_6188_20010812,kaggle_3m\TCGA_CS_6188_20010812\TCGA_CS_6188_20010812_17.tif,1.639344262026337e-10,True,0.0,610.0,8.20306086097844e-05,5.37595796585083,0.0,0.0
TCGA_CS_6188_20010812,kaggle_3m\TCGA_CS_6188_20010812\TCGA_CS_6188_20010812_18.tif,1.0,False,0.0,0.0,6.631994619965553e-05,4.346343994140625,0.0,0.0
TCGA_CS_6188_20010812,kaggle_3m\TCGA_CS_6188_20010812\TCGA_CS_6188_20010812_19.tif,1.0,False,0.0,0.0,6.240701623028144e-05,4.089906215667725,0.0,0.0
TCGA_CS_6188_20010812,kaggle_3m\TCGA_CS_6188_20010812\TCGA_CS_6188_20010812_1.tif,1.0,False,0.0,0.0,4.316712875152007e-05,2.829000949859619,0.0,0.0
TCGA_CS_6188_20010812,kaggle_3m\TCGA_CS_6188_20010812\TCGA_CS_6188_20010812_20.tif,1.0,False,0.0,0.0,4.1013379814103246e-05,2.6878528594970703,0.0,0.0
TCGA_CS_6188_20010812,kaggle_3m\TCGA_CS_6188_20010812\TCGA_CS_6188_20010812_21.tif,1.0,False,0.0,0.0,3.175867459503934e-05,2.081336498260498,0.0,0.0
TCGA_CS_6188_20010812,kaggle_3m\TCGA_CS_6188_20010812\TCGA_CS_6188_20010812_22.tif,1.0,False,0.0,0.0,2.4705545001779683e-05,1.6191025972366333,0.0,0.0
TCGA_CS_6188_20010812,kaggle_3m\TCGA_CS_6188_20010812\TCGA_CS_6188_20010812_23.tif,1.0,False,0.0,0.0,2.3854321625549346e-05,1.563316822052002,0.0,0.0
TCGA_CS_6188_20010812,kaggle_3m\TCGA_CS_6188_20010812\TCGA_CS_6188_20010812_24.tif,1.0,False,0.0,0.0,2.8645745260291733e-05,1.877327561378479,0.0,0.0
TCGA_CS_6188_20010812,kaggle_3m\TCGA_CS_6188_20010812\TCGA_CS_6188_20010812_2.tif,1.0,False,0.0,0.0,4.860741682932712e-05,3.1855356693267822,0.0,0.0
TCGA_CS_6188_20010812,kaggle_3m\TCGA_CS_6188_20010812\TCGA_CS_6188_20010812_3.tif,1.0,False,0.0,0.0,3.452995224506594e-05,2.2629549503326416,0.0,0.0
TCGA_CS_6188_20010812,kaggle_3m\TCGA_CS_6188_20010812\TCGA_CS_6188_20010812_4.tif,1.0,False,0.0,0.0,3.438202111283317e-05,2.2532601356506348,0.0,0.0
TCGA_CS_6188_20010812,kaggle_3m\TCGA_CS_6188_20010812\TCGA_CS_6188_20010812_5.tif,1.0,False,0.0,0.0,3.122167254332453e-05,2.0461435317993164,0.0,0.0
TCGA_CS_6188_20010812,kaggle_3m\TCGA_CS_6188_20010812\TCGA_CS_6188_20010812_6.tif,1.0,False,0.0,0.0,3.498390651657246e-05,2.2927052974700928,0.0,0.0
TCGA_CS_6188_20010812,kaggle_3m\TCGA_CS_6188_20010812\TCGA_CS_6188_20010812_7.tif,1.0,False,0.0,0.0,3.562054189387709e-05,2.334427833557129,0.0,0.0
TCGA_CS_6188_20010812,kaggle_3m\TCGA_CS_6188_20010812\TCGA_CS_6188_20010812_8.tif,1.0,False,0.0,0.0,3.1141546060098335e-05,2.0408923625946045,0.0,0.0
TCGA_CS_6188_20010812,kaggle_3m\TCGA_CS_6188_20010812\TCGA_CS_6188_20010812_9.tif,1.0,False,0.0,0.0,3.415566970943473e-05,2.2384259700775146,0.0,0.0
TCGA_CS_6669_20020102,kaggle_3m\TCGA_CS_6669_20020102\TCGA_CS_6669_20020102_10.tif,0.8687350835478836,True,425.0,413.0,0.002280794084072113,0.35087820887565613,0.08593535064305924,0.5029146671295166
TCGA_CS_6669_20020102,kaggle_3m\TCGA_CS_6669_20020102\TCGA_CS_6669_20020102_11.tif,0.920245398776501,True,1110.0,1172.0,0.003983700182288885,0.23499169945716858,0.05865292730899452,0.4766715466976166
TCGA_CS_6669_20020102,kaggle_3m\TCGA_CS_6669_20020102\TCGA_CS_6669_20020102_12.tif,0.9193460490485191,True,1759.0,1911.0,0.003373960731551051,0.12563402950763702,0.028168279052224854,0.48678168654441833
TCGA_CS_6669_20020102,kaggle_3m\TCGA_CS_6669_20020102\TCGA_CS_6669_20020102_13.tif,0.9260539046319729,True,2067.0,2274.0,0.00486520491540432,0.1541808843612671,0.03463524573271126,0.46853598952293396
TCGA_CS_6669_20020102,kaggle_3m\TCGA_CS_6669_20020102\TCGA_CS_6669_20020102_14.tif,0.8730964467029853,True,2356.0,2766.0,0.0070736403577029705,0.196681410074234,0.05272294994773252,0.4787134528160095
TCGA_CS_6669_20020102,kaggle_3m\TCGA_CS_6669_20020102\TCGA_CS_6669_20020102_15.tif,0.9174046047348671,True,2905.0,3306.0,0.007823383435606956,0.17643263936042786,0.043499374295221105,0.48177629709243774
TCGA_CS_6669_20020102,kaggle_3m\TCGA_CS_6669_20020102\TCGA_CS_6669_20020102_16.tif,0.9186172686417824,True,3024.0,3427.0,0.016040140762925148,0.3475063443183899,0.11691950124336015,0.5471817851066589
TCGA_CS_6669_20020102,kaggle_3m\TCGA_CS_6669_20020102\TCGA_CS_6669_20020102_17.tif,0.621923937372262,True,1056.0,2073.0,0.0122818099334836,0.7614954710006714,0.1967105918817822,0.5219168663024902
TCGA_CS_6669_20020102,kaggle_3m\TCGA_CS_6669_20020102\TCGA_CS_6669_20020102_18.tif,0.900062853557507,True,787.0,804.0,0.0018900026334449649,0.157186821103096,0.02997000336068545,0.4920203387737274
TCGA_CS_6669_20020102,kaggle_3m\TCGA_CS_6669_20020102\TCGA_CS_6669_20020102_19.tif,0.8140403286173233,True,702.0,637.0,0.002383442362770438,0.2221924364566803,0.04471339492522286,0.4907572865486145
TCGA_CS_6669_20020102,kaggle_3m\TCGA_CS_6669_20020102\TCGA_CS_6669_20020102_1.tif,1.0,False,0.0,0.0,5.103645162307657e-05,3.3447248935699463,0.0,0.0
TCGA_CS_6669_20020102,kaggle_3m\TCGA_CS_6669_20020102\TCGA_CS_6669_20020102_20.tif,1.0,False,0.0,0.0,4.4273401726968586e-05,2.9015016555786133,0.0,0.0
TCGA_CS_6669_20020102,kaggle_3m\TCGA_CS_6669_20020102\TCGA_CS_6669_20020102_21.tif,1.0,False,0.0,0.0,4.20855576521717e-05,2.7581191062927246,0.0,0.0
TCGA_CS_6669_20020102,kaggle_3m\TCGA_CS_6669_20020102\TCGA_CS_6669_20020102_22.tif,1.0,False,0.0,0.0,3.716677019838244e-05,2.4357614517211914,0.0,0.0
TCGA_CS_6669_20020102,kaggle_3m\TCGA_CS_6669_20020102\TCGA_CS_6669_20020102_2.tif,1.0,False,0.0,0.0,5.592095840256661e-05,3.6648359298706055,0.0,0.0
TCGA_CS_6669_20020102,kaggle_3m\TCGA_CS_6669_20020102\TCGA_CS_6669_20020102_3.tif,1.0,False,0.0,0.0,3.7651323509635404e-05,2.467517137527466,0.0,0.0
TCGA_CS_6669_20020102,kaggle_3m\TCGA_CS_6669_20020102\TCGA_CS_6669_20020102_4.tif,1.0,False,0.0,0.0,3.3856264053611085e-05,2.218804121017456,0.0,0.0
TCGA_CS_6669_20020102,kaggle_3m\TCGA_CS_6669_20020102\TCGA_CS_6669_20020102_5.tif,1.0,False,0.0,0.0,3.965379801229574e-05,2.5987513065338135,0.0,0.0
TCGA_CS_6669_20020102,kaggle_3m\TCGA_CS_6669_20020102\TCGA_CS_6669_20020102_6.tif,1.0,False,0.0,0.0,3.8418449548771605e-05,2.517791509628296,0.0,0.0
TCGA_CS_6669_20020102,kaggle_3m\TCGA_CS_6669_20020102\TCGA_CS_6669_20020102_7.tif,1.0,False,0.0,0.0,4.025384259875864e-05,2.638075828552246,0.0,0.0
TCGA_CS_6669_20020102,kaggle_3m\TCGA_CS_6669_20020102\TCGA_CS_6669_20020102_8.tif,1.0,False,0.0,0.0,3.912880856660195e-05,2.564345598220825,0.0,0.0
TCGA_CS_6669_20020102,kaggle_3m\TCGA_CS_6669_20020102\TCGA_CS_6669_20020102_9.tif,1.0,False,0.0,0.0,5.989581404719502e-05,3.9253320693969727,0.0,0.0
TCGA_DU_6400_19830518,kaggle_3m\TCGA_DU_6400_19830518\TCGA_DU_6400_19830518_10.tif,1.0,False,0.0,0.0,2.9618837288580835e-05,1.9411001205444336,0.0,0.0
TCGA_DU_6400_19830518,kaggle_3m\TCGA_DU_6400_19830518\TCGA_DU_6400_19830518_11.tif,1.0,False,0.0,0.0,3.10105097014457e-05,2.0323047637939453,0.0,0.0
TCGA_DU_6400_19830518,kaggle_3m\TCGA_DU_6400_19830518\TCGA_DU_6400_19830518_12.tif,1.0,False,0.0,0.0,3.1613373721484095e-05,2.0718140602111816,0.0,0.0
TCGA_DU_6400_19830518,kaggle_3m\TCGA_DU_6400_19830518\TCGA_DU_6400_19830518_13.tif,1.0,False,0.0,0.0,2.9867462217225693e-05,1.957394003868103,0.0,0.0
TCGA_DU_6400_19830518,kaggle_3m\TCGA_DU_6400_19830518\TCGA_DU_6400_19830518_14.tif,1.0,False,0.0,0.0,0.012444701045751572,815.575927734375,0.24999999998817957,0.3596827983856201
TCGA_DU_6400_19830518,kaggle_3m\TCGA_DU_6400_19830518\TCGA_DU_6400_19830518_15.tif,1.0,False,0.0,0.0,0.00010536200716160238,6.905004501342773,0.0,0.0
TCGA_DU_6400_19830518,kaggle_3m\TCGA_DU_6400_19830518\TCGA_DU_6400_19830518_16.tif,9.009009000892785e-10,True,0.0,111.0,0.0006841788999736309,44.838348388671875,0.5583477713340013,0.5227083563804626
TCGA_DU_6400_19830518,kaggle_3m\TCGA_DU_6400_19830518\TCGA_DU_6400_19830518_17.tif,0.7957446808619285,True,773.0,1107.0,0.009130090475082397,0.7730615139007568,0.31196939244400856,0.5519097447395325
TCGA_DU_6400_19830518,kaggle_3m\TCGA_DU_6400_19830518\TCGA_DU_6400_19830518_18.tif,0.9430336307500675,True,1442.0,1472.0,0.002708127023652196,0.12299363315105438,0.026080896613842053,0.4845229983329773
TCGA_DU_6400_19830518,kaggle_3m\TCGA_DU_6400_19830518\TCGA_DU_6400_19830518_19.tif,0.9486166007919645,True,1744.0,1798.0,0.0026550795882940292,0.09971535950899124,0.019289378436396554,0.48050132393836975
TCGA_DU_6400_19830518,kaggle_3m\TCGA_DU_6400_19830518\TCGA_DU_6400_19830518_1.tif,1.0,False,0.0,0.0,0.00022045492369215935,14.447733879089355,0.0,0.0
TCGA_DU_6400_19830518,kaggle_3m\TCGA_DU_6400_19830518\TCGA_DU_6400_19830518_20.tif,0.923504273505908,True,2280.0,2400.0,0.004706669598817825,0.13522854447364807,0.037029786826371924,0.5174792408943176
TCGA_DU_6400_19830518,kaggle_3m\TCGA_DU_6400_19830518\TCGA_DU_6400_19830518_21.tif,0.9530273263091082,True,2791.0,2808.0,0.00530672911554575,0.12456367909908295,0.032182801321713916,0.5109809637069702
TCGA_DU_6400_19830518,kaggle_3m\TCGA_DU_6400_19830518\TCGA_DU_6400_19830518_22.tif,0.962795941376022,True,3086.0,3123.0,0.003116908483207226,0.06617094576358795,0.012892742006263669,0.4669664204120636
TCGA_DU_6400_19830518,kaggle_3m\TCGA_DU_6400_19830518\TCGA_DU_6400_19830518_23.tif,0.9693086003377857,True,2985.0,2945.0,0.0027737892232835293,0.0608784481883049,0.012357221805420093,0.4838656187057495
TCGA_DU_6400_19830518,kaggle_3m\TCGA_DU_6400_19830518\TCGA_DU_6400_19830518_24.tif,0.9699311271632802,True,3003.0,2950.0,0.0026733537670224905,0.058322541415691376,0.012649771846718338,0.4819527268409729
TCGA_DU_6400_19830518,kaggle_3m\TCGA_DU_6400_19830518\TCGA_DU_6400_19830518_25.tif,0.9604230638014257,True,2916.0,2946.0,0.0031662103720009327,0.07113499194383621,0.015605187832001266,0.4941053092479706
TCGA_DU_6400_19830518,kaggle_3m\TCGA_DU_6400_19830518\TCGA_DU_6400_19830518_26.tif,0.9717651134596957,True,2931.0,2842.0,0.0024917367845773697,0.055695246905088425,0.011489347885438539,0.4881216585636139
TCGA_DU_6400_19830518,kaggle_3m\TCGA_DU_6400_19830518\TCGA_DU_6400_19830518_27.tif,0.9771673819746409,True,2891.0,2934.0,0.002291778102517128,0.051934290677309036,0.010814791068676333,0.4728408455848694
TCGA_DU_6400_19830518,kaggle_3m\TCGA_DU_6400_19830518\TCGA_DU_6400_19830518_28.tif,0.980802792321452,True,2867.0,2863.0,0.002195514738559723,0.0501691959798336,0.010304055403131507,0.47356653213500977
TCGA_DU_6400_19830518,kaggle_3m\TCGA_DU_6400_19830518\TCGA_DU_6400_19830518_29.tif,0.9649952696316936,True,2607.0,2678.0,0.002850425662472844,0.07162787765264511,0.016567219313561088,0.500931441783905
TCGA_DU_6400_19830518,kaggle_3m\TCGA_DU_6400_19830518\TCGA_DU_6400_19830518_2.tif,1.0,False,0.0,0.0,2.4160208340617828e-05,1.58336341381073,0.0,0.0
TCGA_DU_6400_19830518,kaggle_3m\TCGA_DU_6400_19830518\TCGA_DU_6400_19830518_30.tif,0.9245823389039479,True,2014.0,2176.0,0.0032762824557721615,0.10655803978443146,0.025276066844262757,0.501856803894043
TCGA_DU_6400_19830518,kaggle_3m\TCGA_DU_6400_19830518\TCGA_DU_6400_19830518_31.tif,0.9305320230453903,True,1461.0,1490.0,0.004531898535788059,0.20314808189868927,0.0578724115289887,0.5403718948364258
TCGA_DU_6400_19830518,kaggle_3m\TCGA_DU_6400_19830518\TCGA_DU_6400_19830518_32.tif,0.9060190074016875,True,479.0,468.0,0.0018102085450664163,0.24715380370616913,0.04277961395390728,0.4615679383277893
TCGA_DU_6400_19830518,kaggle_3m\TCGA_DU_6400_19830518\TCGA_DU_6400_19830518_33.tif,0.8421052632016329,True,161.0,200.0,0.0008575748070143163,0.3469260632991791,0.06536403077605957,0.5013595819473267
TCGA_DU_6400_19830518,kaggle_3m\TCGA_DU_6400_19830518\TCGA_DU_6400_19830518_34.tif,1.0,False,0.0,0.0,0.0020308552775532007,133.09413146972656,0.2499999999244713,0.35149499773979187
TCGA_DU_6400_19830518,kaggle_3m\TCGA_DU_6400_19830518\TCGA_DU_6400_19830518_35.tif,1.0,False,0.0,0.0,0.00029550911858677864,19.366485595703125,0.46428571105722416,0.2918660640716553
TCGA_DU_6400_19830518,kaggle_3m\TCGA_DU_6400_19830518\TCGA_DU_6400_19830518_36.tif,4.761904739229025e-09,False,21.0,0.0,0.00127938122022897,3.8111603260040283,0.6843500931819568,0.5145158171653748
TCGA_DU_6400_19830518,kaggle_3m\TCGA_DU_6400_19830518\TCGA_DU_6400_19830518_37.tif,1.0,False,0.0,0.0,5.197887367103249e-05,3.406487464904785,0.0,0.0
TCGA_DU_6400_19830518,kaggle_3m\TCGA_DU_6400_19830518\TCGA_DU_6400_19830518_38.tif,1.0,False,0.0,0.0,6.189144914969802e-05,4.056118011474609,0.0,0.0
TCGA_DU_6400_19830518,kaggle_3m\TCGA_DU_6400_19830518\TCGA_DU_6400_19830518_39.tif,1.0,False,0.0,0.0,7.251433271449059e-05,4.7522993087768555,0.0,0.0
TCGA_DU_6400_19830518,kaggle_3m\TCGA_DU_6400_19830518\TCGA_DU_6400_19830518_3.tif,1.0,False,0.0,0.0,2.0468574803089723e-05,1.341428518295288,0.0,0.0
TCGA_DU_6400_19830518,kaggle_3m\TCGA_DU_6400_19830518\TCGA_DU_6400_19830518_40.tif,1.0,False,0.0,0.0,5.864773993380368e-05,3.843538284301758,0.0,0.0
TCGA_DU_6400_19830518,kaggle_3m\TCGA_DU_6400_19830518\TCGA_DU_6400_19830518_41.tif,1.0,False,0.0,0.0,5.3335053962655365e-05,3.495366096496582,0.0,0.0
TCGA_DU_6400_19830518,kaggle_3m\TCGA_DU_6400_19830518\TCGA_DU_6400_19830518_42.tif,1.0,False,0.0,0.0,5.404424882726744e-05,3.541843891143799,0.0,0.0
TCGA_DU_6400_19830518,kaggle_3m\TCGA_DU_6400_19830518\TCGA_DU_6400_19830518_43.tif,1.0,False,0.0,0.0,5.498935206560418e-05,3.6037821769714355,0.0,0.0
TCGA_DU_6400_19830518,kaggle_3m\TCGA_DU_6400_19830518\TCGA_DU_6400_19830518_44.tif,1.0,False,0.0,0.0,4.949422145728022e-05,3.2436532974243164,0.0,0.0
TCGA_DU_6400_19830518,kaggle_3m\TCGA_DU_6400_19830518\TCGA_DU_6400_19830518_45.tif,1.0,False,0.0,0.0,4.3667416321113706e-05,2.861787796020508,0.0,0.0
TCGA_DU_6400_19830518,kaggle_3m\TCGA_DU_6400_19830518\TCGA_DU_6400_19830518_46.tif,1.0,False,0.0,0.0,4.213738793623634e-05,2.7615158557891846,0.0,0.0
TCGA_DU_6400_19830518,kaggle_3m\TCGA_DU_6400_19830518\TCGA_DU_6400_19830518_47.tif,1.0,False,0.0,0.0,3.57425378751941e-05,2.3424229621887207,0.0,0.0
TCGA_DU_6400_19830518,kaggle_3m\TCGA_DU_6400_19830518\TCGA_DU_6400_19830518_48.tif,1.0,False,0.0,0.0,3.4741853596642613e-05,2.2768421173095703,0.0,0.0
TCGA_DU_6400_19830518,kaggle_3m\TCGA_DU_6400_19830518\TCGA_DU_6400_19830518_49.tif,1.0,False,0.0,0.0,0.0010846711229532957,71.08500671386719,0.726888669778697,0.5305074453353882
TCGA_DU_6400_19830518,kaggle_3m\TCGA_DU_6400_19830518\TCGA_DU_6400_19830518_4.tif,1.0,False,0.0,0.0,2.0770163246197626e-05,1.3611934185028076,0.0,0.0
TCGA_DU_6400_19830518,kaggle_3m\TCGA_DU_6400_19830518\TCGA_DU_6400_19830518_50.tif,1.0,False,0.0,0.0,3.3839001844171435e-05,2.217672824859619,0.0,0.0
TCGA_DU_6400_19830518,kaggle_3m\TCGA_DU_6400_19830518\TCGA_DU_6400_19830518_51.tif,1.0,False,0.0,0.0,3.503713014652021e-05,2.2961933612823486,0.0,0.0
TCGA_DU_6400_19830518,kaggle_3m\TCGA_DU_6400_19830518\TCGA_DU_6400_19830518_52.tif,1.0,False,0.0,0.0,3.6014454963151366e-05,2.360243320465088,0.0,0.0
TCGA_DU_6400_19830518,kaggle_3m\TCGA_DU_6400_19830518\TCGA_DU_6400_19830518_53.tif,1.0,False,0.0,0.0,3.823137376457453e-05,2.5055313110351562,0.0,0.0
TCGA_DU_6400_19830518,kaggle_3m\TCGA_DU_6400_19830518\TCGA_DU_6400_19830518_54.tif,1.0,False,0.0,0.0,4.8043755668913946e-05,3.1485955715179443,0.0,0.0
TCGA_DU_6400_19830518,kaggle_3m\TCGA_DU_6400_19830518\TCGA_DU_6400_19830518_55.tif,1.0,False,0.0,0.0,4.871409328188747e-05,3.1925268173217773,0.0,0.0
TCGA_DU_6400_19830518,kaggle_3m\TCGA_DU_6400_19830518\TCGA_DU_6400_19830518_56.tif,1.0,False,0.0,0.0,4.846242518397048e-05,3.1760334968566895,0.0,0.0
TCGA_DU_6400_19830518,kaggle_3m\TCGA_DU_6400_19830518\TCGA_DU_6400_19830518_57.tif,1.0,False,0.0,0.0,5.5286436690948904e-05,3.6232519149780273,0.0,0.0
TCGA_DU_6400_19830518,kaggle_3m\TCGA_DU_6400_19830518\TCGA_DU_6400_19830518_5.tif,1.0,False,0.0,0.0,2.2530668502440676e-05,1.4765698909759521,0.0,0.0
TCGA_DU_6400_19830518,kaggle_3m\TCGA_DU_6400_19830518\TCGA_DU_6400_19830518_6.tif,1.0,False,0.0,0.0,2.1306073904270306e-05,1.3963148593902588,0.0,0.0
TCGA_DU_6400_19830518,kaggle_3m\TCGA_DU_6400_19830518\TCGA_DU_6400_19830518_7.tif,1.0,False,0.0,0.0,2.629571463330649e-05,1.723315954208374,0.0,0.0
TCGA_DU_6400_19830518,kaggle_3m\TCGA_DU_6400_19830518\TCGA_DU_6400_19830518_8.tif,1.0,False,0.0,0.0,2.8053607820766047e-05,1.8385212421417236,0.0,0.0
TCGA_DU_6400_19830518,kaggle_3m\TCGA_DU_6400_19830518\TCGA_DU_6400_19830518_9.tif,1.0,False,0.0,0.0,2.8185753762954846e-05,1.8471815586090088,0.0,0.0
TCGA_DU_6407_19860514,kaggle_3m\TCGA_DU_6407_19860514\TCGA_DU_6407_19860514_10.tif,1.0,False,0.0,0.0,2.3339023755397648e-05,1.5295462608337402,0.0,0.0
TCGA_DU_6407_19860514,kaggle_3m\TCGA_DU_6407_19860514\TCGA_DU_6407_19860514_11.tif,1.0,False,0.0,0.0,2.5866873329505324e-05,1.695211410522461,0.0,0.0
TCGA_DU_6407_19860514,kaggle_3m\TCGA_DU_6407_19860514\TCGA_DU_6407_19860514_12.tif,1.0,False,0.0,0.0,2.6288638764526695e-05,1.7228522300720215,0.0,0.0
TCGA_DU_6407_19860514,kaggle_3m\TCGA_DU_6407_19860514\TCGA_DU_6407_19860514_13.tif,1.0,False,0.0,0.0,2.7971727831754833e-05,1.8331551551818848,0.0,0.0
TCGA_DU_6407_19860514,kaggle_3m\TCGA_DU_6407_19860514\TCGA_DU_6407_19860514_14.tif,1.0,False,0.0,0.0,2.9253311367938295e-05,1.917145013809204,0.0,0.0
TCGA_DU_6407_19860514,kaggle_3m\TCGA_DU_6407_19860514\TCGA_DU_6407_19860514_15.tif,1.0,False,0.0,0.0,2.8062444471288472e-05,1.8391003608703613,0.0,0.0
TCGA_DU_6407_19860514,kaggle_3m\TCGA_DU_6407_19860514\TCGA_DU_6407_19860514_16.tif,1.0,False,0.0,0.0,2.7568101359065622e-05,1.8067030906677246,0.0,0.0
TCGA_DU_6407_19860514,kaggle_3m\TCGA_DU_6407_19860514\TCGA_DU_6407_19860514_17.tif,1.0,False,0.0,0.0,2.746829341049306e-05,1.8001620769500732,0.0,0.0
TCGA_DU_6407_19860514,kaggle_3m\TCGA_DU_6407_19860514\TCGA_DU_6407_19860514_18.tif,1.0,False,0.0,0.0,3.184212982887402e-05,2.086805820465088,0.0,0.0
TCGA_DU_6407_19860514,kaggle_3m\TCGA_DU_6407_19860514\TCGA_DU_6407_19860514_19.tif,0.4945295405920066,True,113.0,344.0,0.004925861954689026,2.831765651702881,0.6884556175684883,0.6368821859359741
TCGA_DU_6407_19860514,kaggle_3m\TCGA_DU_6407_19860514\TCGA_DU_6407_19860514_1.tif,1.0,False,0.0,0.0,5.508074536919594e-05,3.609771728515625,0.0,0.0
TCGA_DU_6407_19860514,kaggle_3m\TCGA_DU_6407_19860514\TCGA_DU_6407_19860514_20.tif,0.894779116474315,True,675.0,570.0,0.004466747399419546,0.4330366253852844,0.18235549427187892,0.42295002937316895
TCGA_DU_6407_19860514,kaggle_3m\TCGA_DU_6407_19860514\TCGA_DU_6407_19860514_21.tif,0.8530083777664506,True,1468.0,1158.0,0.0037019571755081415,0.16515415906906128,0.03646750476788152,0.49027809500694275
TCGA_DU_6407_19860514,kaggle_3m\TCGA_DU_6407_19860514\TCGA_DU_6407_19860514_22.tif,0.9461077844324286,True,2070.0,2105.0,0.0026512956246733665,0.08389922976493835,0.018928420703434035,0.4697800576686859
TCGA_DU_6407_19860514,kaggle_3m\TCGA_DU_6407_19860514\TCGA_DU_6407_19860514_23.tif,0.9480653838206483,True,2455.0,2378.0,0.002709417138248682,0.07229819148778915,0.015108744384651374,0.48008134961128235
TCGA_DU_6407_19860514,kaggle_3m\TCGA_DU_6407_19860514\TCGA_DU_6407_19860514_24.tif,0.9675312896795296,True,2796.0,2717.0,0.002445752965286374,0.057305995374917984,0.011332642683987149,0.4828537702560425
TCGA_DU_6407_19860514,kaggle_3m\TCGA_DU_6407_19860514\TCGA_DU_6407_19860514_25.tif,0.9776800811637186,True,2980.0,2934.0,0.0021709296852350235,0.04772695153951645,0.009372727082836874,0.4851357936859131
TCGA_DU_6407_19860514,kaggle_3m\TCGA_DU_6407_19860514\TCGA_DU_6407_19860514_26.tif,0.9817122511736249,True,3069.0,3110.0,0.002042992739006877,0.04361223801970482,0.007569992514275592,0.47978919744491577
TCGA_DU_6407_19860514,kaggle_3m\TCGA_DU_6407_19860514\TCGA_DU_6407_19860514_27.tif,0.97194746229979,True,3050.0,3117.0,0.0024618825409561396,0.05288165807723999,0.009786004339622623,0.4669854938983917
TCGA_DU_6407_19860514,kaggle_3m\TCGA_DU_6407_19860514\TCGA_DU_6407_19860514_28.tif,0.9716680637054205,True,2933.0,3032.0,0.0029601543210446835,0.0661201998591423,0.0134822035485197,0.4678807854652405
TCGA_DU_6407_19860514,kaggle_3m\TCGA_DU_6407_19860514\TCGA_DU_6407_19860514_29.tif,0.9570254110620885,True,2630.0,2722.0,0.0037306176964193583,0.09292655438184738,0.020913913611327217,0.4675772488117218
TCGA_DU_6407_19860514,kaggle_3m\TCGA_DU_6407_19860514\TCGA_DU_6407_19860514_2.tif,1.0,False,0.0,0.0,2.8149544959887862e-05,1.844808578491211,0.0,0.0
TCGA_DU_6407_19860514,kaggle_3m\TCGA_DU_6407_19860514\TCGA_DU_6407_19860514_30.tif,0.9619805481882852,True,2209.0,2315.0,0.003984135575592518,0.11814674735069275,0.02984428122254068,0.5055417418479919
TCGA_DU_6407_19860514,kaggle_3m\TCGA_DU_6407_19860514\TCGA_DU_6407_19860514_31.tif,0.9143518518543301,True,1630.0,1826.0,0.002517616841942072,0.10116157680749893,0.022524474998967148,0.4741154611110687
TCGA_DU_6407_19860514,kaggle_3m\TCGA_DU_6407_19860514\TCGA_DU_6407_19860514_32.tif,0.8229901269455927,True,1230.0,1606.0,0.0028204484842717648,0.15015508234500885,0.037014580277400455,0.48218050599098206
TCGA_DU_6407_19860514,kaggle_3m\TCGA_DU_6407_19860514\TCGA_DU_6407_19860514_33.tif,0.6715643906797077,True,791.0,1523.0,0.005398290231823921,0.44669488072395325,0.11877496423839629,0.4652053415775299
TCGA_DU_6407_19860514,kaggle_3m\TCGA_DU_6407_19860514\TCGA_DU_6407_19860514_34.tif,2.7027026953981004e-09,True,0.0,37.0,0.00030372015316970646,19.904603958129883,0.2499999993055555,0.3405732214450836
TCGA_DU_6407_19860514,kaggle_3m\TCGA_DU_6407_19860514\TCGA_DU_6407_19860514_35.tif,1.0,False,0.0,0.0,4.229613477946259e-05,2.7719194889068604,0.0,0.0
TCGA_DU_6407_19860514,kaggle_3m\TCGA_DU_6407_19860514\TCGA_DU_6407_19860514_36.tif,1.0,False,0.0,0.0,4.18745657952968e-05,2.7442915439605713,0.0,0.0
TCGA_DU_6407_19860514,kaggle_3m\TCGA_DU_6407_19860514\TCGA_DU_6407_19860514_37.tif,1.0,False,0.0,0.0,4.39166760770604e-05,2.8781232833862305,0.0,0.0
TCGA_DU_6407_19860514,kaggle_3m\TCGA_DU_6407_19860514\TCGA_DU_6407_19860514_38.tif,1.0,False,0.0,0.0,4.474865272641182e-05,2.932647705078125,0.0,0.0
TCGA_DU_6407_19860514,kaggle_3m\TCGA_DU_6407_19860514\TCGA_DU_6407_19860514_39.tif,1.0,False,0.0,0.0,4.321667074691504e-05,2.832247734069824,0.0,0.0
TCGA_DU_6407_19860514,kaggle_3m\TCGA_DU_6407_19860514\TCGA_DU_6407_19860514_3.tif,1.0,False,0.0,0.0,2.5547546101734042e-05,1.6742839813232422,0.0,0.0
TCGA_DU_6407_19860514,kaggle_3m\TCGA_DU_6407_19860514\TCGA_DU_6407_19860514_40.tif,1.0,False,0.0,0.0,4.217174864606932e-05,2.763767719268799,0.0,0.0
TCGA_DU_6407_19860514,kaggle_3m\TCGA_DU_6407_19860514\TCGA_DU_6407_19860514_41.tif,1.0,False,0.0,0.0,4.015076774521731e-05,2.6313207149505615,0.0,0.0
TCGA_DU_6407_19860514,kaggle_3m\TCGA_DU_6407_19860514\TCGA_DU_6407_19860514_42.tif,1.0,False,0.0,0.0,3.85858365916647e-05,2.528761386871338,0.0,0.0
TCGA_DU_6407_19860514,kaggle_3m\TCGA_DU_6407_19860514\TCGA_DU_6407_19860514_43.tif,1.0,False,0.0,0.0,3.379375266376883e-05,2.214707374572754,0.0,0.0
TCGA_DU_6407_19860514,kaggle_3m\TCGA_DU_6407_19860514\TCGA_DU_6407_19860514_44.tif,1.0,False,0.0,0.0,3.342861600685865e-05,2.1907777786254883,0.0,0.0
TCGA_DU_6407_19860514,kaggle_3m\TCGA_DU_6407_19860514\TCGA_DU_6407_19860514_45.tif,1.0,False,0.0,0.0,3.321221811347641e-05,2.17659592628479,0.0,0.0
TCGA_DU_6407_19860514,kaggle_3m\TCGA_DU_6407_19860514\TCGA_DU_6407_19860514_46.tif,1.0,False,0.0,0.0,3.205383472959511e-05,2.100680112838745,0.0,0.0
TCGA_DU_6407_19860514,kaggle_3m\TCGA_DU_6407_19860514\TCGA_DU_6407_19860514_47.tif,1.0,False,0.0,0.0,3.249224027968012e-05,2.129411458969116,0.0,0.0
TCGA_DU_6407_19860514,kaggle_3m\TCGA_DU_6407_19860514\TCGA_DU_6407_19860514_48.tif,1.0,False,0.0,0.0,3.204688255209476e-05,2.100224494934082,0.0,0.0
TCGA_DU_6407_19860514,kaggle_3m\TCGA_DU_6407_19860514\TCGA_DU_6407_19860514_49.tif,1.0,False,0.0,0.0,3.171949356328696e-05,2.078768730163574,0.0,0.0
TCGA_DU_6407_19860514,kaggle_3m\TCGA_DU_6407_19860514\TCGA_DU_6407_19860514_4.tif,1.0,False,0.0,0.0,2.352102819713764e-05,1.5414741039276123,0.0,0.0
TCGA_DU_6407_19860514,kaggle_3m\TCGA_DU_6407_19860514\TCGA_DU_6407_19860514_50.tif,1.0,False,0.0,0.0,3.3516793337184936e-05,2.196556568145752,0.0,0.0
TCGA_DU_6407_19860514,kaggle_3m\TCGA_DU_6407_19860514\TCGA_DU_6407_19860514_51.tif,1.0,False,0.0,0.0,3.33354328176938e-05,2.184670925140381,0.0,0.0
TCGA_DU_6407_19860514,kaggle_3m\TCGA_DU_6407_19860514\TCGA_DU_6407_19860514_52.tif,1.0,False,0.0,0.0,3.4190743463113904e-05,2.240724563598633,0.0,0.0
TCGA_DU_6407_19860514,kaggle_3m\TCGA_DU_6407_19860514\TCGA_DU_6407_19860514_53.tif,1.0,False,0.0,0.0,3.722474502865225e-05,2.439560890197754,0.0,0.0
TCGA_DU_6407_19860514,kaggle_3m\TCGA_DU_6407_19860514\TCGA_DU_6407_19860514_54.tif,1.0,False,0.0,0.0,3.912795727956109e-05,2.5642898082733154,0.0,0.0
TCGA_DU_6407_19860514,kaggle_3m\TCGA_DU_6407_19860514\TCGA_DU_6407_19860514_55.tif,1.0,False,0.0,0.0,4.508455458562821e-05,2.9546613693237305,0.0,0.0
TCGA_DU_6407_19860514,kaggle_3m\TCGA_DU_6407_19860514\TCGA_DU_6407_19860514_56.tif,1.0,False,0.0,0.0,6.57265045447275e-05,4.307452201843262,0.0,0.0
TCGA_DU_6407_19860514,kaggle_3m\TCGA_DU_6407_19860514\TCGA_DU_6407_19860514_57.tif,1.0,False,0.0,0.0,6.266249692998827e-05,4.106649398803711,0.0,0.0
TCGA_DU_6407_19860514,kaggle_3m\TCGA_DU_6407_19860514\TCGA_DU_6407_19860514_58.tif,1.0,False,0.0,0.0,5.3938587370794266e-05,3.534919261932373,0.0,0.0
TCGA_DU_6407_19860514,kaggle_3m\TCGA_DU_6407_19860514\TCGA_DU_6407_19860514_5.tif,1.0,False,0.0,0.0,2.1360487153287977e-05,1.3998808860778809,0.0,0.0
TCGA_DU_6407_19860514,kaggle_3m\TCGA_DU_6407_19860514\TCGA_DU_6407_19860514_6.tif,1.0,False,0.0,0.0,2.2120901121525094e-05,1.4497153759002686,0.0,0.0
TCGA_DU_6407_19860514,kaggle_3m\TCGA_DU_6407_19860514\TCGA_DU_6407_19860514_7.tif,1.0,False,0.0,0.0,2.1483925593202002e-05,1.4079705476760864,0.0,0.0
TCGA_DU_6407_19860514,kaggle_3m\TCGA_DU_6407_19860514\TCGA_DU_6407_19860514_8.tif,1.0,False,0.0,0.0,1.997833896894008e-05,1.309300422668457,0.0,0.0
TCGA_DU_6407_19860514,kaggle_3m\TCGA_DU_6407_19860514\TCGA_DU_6407_19860514_9.tif,1.0,False,0.0,0.0,2.2041971533326432e-05,1.444542646408081,0.0,0.0
TCGA_DU_7008_19830723,kaggle_3m\TCGA_DU_7008_19830723\TCGA_DU_7008_19830723_10.tif,1.0,False,0.0,0.0,2.929680522356648e-05,1.9199954271316528,0.0,0.0
TCGA_DU_7008_19830723,kaggle_3m\TCGA_DU_7008_19830723\TCGA_DU_7008_19830723_11.tif,1.0,False,0.0,0.0,2.8661946998909116e-05,1.8783893585205078,0.0,0.0
TCGA_DU_7008_19830723,kaggle_3m\TCGA_DU_7008_19830723\TCGA_DU_7008_19830723_12.tif,3.7174721175771477e-10,True,0.0,269.0,0.0018748712027445436,122.8715591430664,0.4345549735895601,0.4979691207408905
TCGA_DU_7008_19830723,kaggle_3m\TCGA_DU_7008_19830723\TCGA_DU_7008_19830723_13.tif,0.7669305189299093,True,455.0,682.0,0.0027693554293364286,0.3980098068714142,0.11797574764481933,0.402871698141098
TCGA_DU_7008_19830723,kaggle_3m\TCGA_DU_7008_19830723\TCGA_DU_7008_19830723_14.tif,0.6871222687267726,True,754.0,1397.0,0.0032726451754570007,0.2840742766857147,0.07260314448322647,0.4964180588722229
TCGA_DU_7008_19830723,kaggle_3m\TCGA_DU_7008_19830723\TCGA_DU_7008_19830723_15.tif,0.8954770049450598,True,1226.0,1405.0,0.003827235661447048,0.20441867411136627,0.051365043431777946,0.4950457811355591
TCGA_DU_7008_19830723,kaggle_3m\TCGA_DU_7008_19830723\TCGA_DU_7008_19830723_16.tif,0.9164067373700434,True,1687.0,1519.0,0.0035725031048059464,0.1387011557817459,0.034415888750698787,0.4994109869003296
TCGA_DU_7008_19830723,kaggle_3m\TCGA_DU_7008_19830723\TCGA_DU_7008_19830723_17.tif,0.935500253937646,True,1956.0,1982.0,0.0036713657900691032,0.12294666469097137,0.024306846296681006,0.47475865483283997
TCGA_DU_7008_19830723,kaggle_3m\TCGA_DU_7008_19830723\TCGA_DU_7008_19830723_18.tif,0.9492360768864161,True,2077.0,1981.0,0.0034637884236872196,0.10924101620912552,0.023380020362783194,0.4852924048900604
TCGA_DU_7008_19830723,kaggle_3m\TCGA_DU_7008_19830723\TCGA_DU_7008_19830723_19.tif,0.9337406015053162,True,2078.0,2178.0,0.0063784196972846985,0.20106595754623413,0.05301098656459935,0.4824238121509552
TCGA_DU_7008_19830723,kaggle_3m\TCGA_DU_7008_19830723\TCGA_DU_7008_19830723_1.tif,1.0,False,0.0,0.0,2.6259880542056635e-05,1.7209675312042236,0.0,0.0
TCGA_DU_7008_19830723,kaggle_3m\TCGA_DU_7008_19830723\TCGA_DU_7008_19830723_20.tif,0.8527982442412165,True,2873.0,3506.0,0.00832837913185358,0.18991254270076752,0.04778233141225241,0.4812300503253937
TCGA_DU_7008_19830723,kaggle_3m\TCGA_DU_7008_19830723\TCGA_DU_7008_19830723_21.tif,0.9200799200809181,True,3823.0,4185.0,0.008122626692056656,0.1392061859369278,0.03749269196144478,0.49960339069366455
TCGA_DU_7008_19830723,kaggle_3m\TCGA_DU_7008_19830723\TCGA_DU_7008_19830723_22.tif,0.8977327544633654,True,3956.0,4336.0,0.009573554620146751,0.15855760872364044,0.04395886687161765,0.48538434505462646
TCGA_DU_7008_19830723,kaggle_3m\TCGA_DU_7008_19830723\TCGA_DU_7008_19830723_23.tif,0.9034251175298398,True,3879.0,3566.0,0.011174012906849384,0.18873713910579681,0.05366279485962522,0.5200751423835754
TCGA_DU_7008_19830723,kaggle_3m\TCGA_DU_7008_19830723\TCGA_DU_7008_19830723_24.tif,0.8328550932588132,True,3714.0,4650.0,0.011808712035417557,0.20831649005413055,0.055073806673134995,0.49089086055755615
TCGA_DU_7008_19830723,kaggle_3m\TCGA_DU_7008_19830723\TCGA_DU_7008_19830723_25.tif,0.8240873497317294,True,4088.0,4979.0,0.009566500782966614,0.15332604944705963,0.03775833057709277,0.48556140065193176
TCGA_DU_7008_19830723,kaggle_3m\TCGA_DU_7008_19830723\TCGA_DU_7008_19830723_26.tif,0.7949216516093455,True,3578.0,5165.0,0.011728968471288681,0.21477219462394714,0.06003715122888409,0.5193514227867126
TCGA_DU_7008_19830723,kaggle_3m\TCGA_DU_7008_19830723\TCGA_DU_7008_19830723_27.tif,0.9020192438013007,True,3433.0,3946.0,0.006818251218646765,0.130122572183609,0.02939301199177502,0.4688836336135864
TCGA_DU_7008_19830723,kaggle_3m\TCGA_DU_7008_19830723\TCGA_DU_7008_19830723_28.tif,0.9077421095237693,True,3460.0,3954.0,0.009066760540008545,0.17168426513671875,0.04921136598904752,0.5249941945075989
TCGA_DU_7008_19830723,kaggle_3m\TCGA_DU_7008_19830723\TCGA_DU_7008_19830723_29.tif,0.8931641424492678,True,3428.0,3901.0,0.008511426858603954,0.162672758102417,0.04506041914750636,0.5191154479980469
TCGA_DU_7008_19830723,kaggle_3m\TCGA_DU_7008_19830723\TCGA_DU_7008_19830723_2.tif,1.0,False,0.0,0.0,2.542811489547603e-05,1.666456937789917,0.0,0.0
TCGA_DU_7008_19830723,kaggle_3m\TCGA_DU_7008_19830723\TCGA_DU_7008_19830723_30.tif,0.8981833544585526,True,3328.0,3773.0,0.008434198796749115,0.16603894531726837,0.04434894611002704,0.5009353160858154
TCGA_DU_7008_19830723,kaggle_3m\TCGA_DU_7008_19830723\TCGA_DU_7008_19830723_31.tif,0.9146951016342103,True,3159.0,2843.0,0.0063606430776417255,0.1319149136543274,0.03307182311641088,0.4921368956565857
TCGA_DU_7008_19830723,kaggle_3m\TCGA_DU_7008_19830723\TCGA_DU_7008_19830723_32.tif,0.8618149675919002,True,3009.0,3779.0,0.006511092185974121,0.14176443219184875,0.0371111963709021,0.5060555338859558
TCGA_DU_7008_19830723,kaggle_3m\TCGA_DU_7008_19830723\TCGA_DU_7008_19830723_33.tif,0.9364026531420913,True,2638.0,2488.0,0.005109163001179695,0.12687915563583374,0.027853367549069197,0.45849475264549255
TCGA_DU_7008_19830723,kaggle_3m\TCGA_DU_7008_19830723\TCGA_DU_7008_19830723_34.tif,0.9077387868950095,True,2149.0,2154.0,0.0046831658110022545,0.14275160431861877,0.03595670096167236,0.4882675111293793
TCGA_DU_7008_19830723,kaggle_3m\TCGA_DU_7008_19830723\TCGA_DU_7008_19830723_35.tif,0.8897911832978599,True,1756.0,1692.0,0.0036125832702964544,0.1347491443157196,0.035004551613215584,0.5088807940483093
TCGA_DU_7008_19830723,kaggle_3m\TCGA_DU_7008_19830723\TCGA_DU_7008_19830723_36.tif,0.903814262027205,True,1195.0,1217.0,0.00434152502566576,0.23789814114570618,0.05813922110145786,0.491421103477478
TCGA_DU_7008_19830723,kaggle_3m\TCGA_DU_7008_19830723\TCGA_DU_7008_19830723_37.tif,0.6277372263226597,True,305.0,517.0,0.0022818916477262974,0.4887125790119171,0.09600019775880597,0.43814408779144287
TCGA_DU_7008_19830723,kaggle_3m\TCGA_DU_7008_19830723\TCGA_DU_7008_19830723_38.tif,0.8189233279251349,True,252.0,361.0,0.0014198007993400097,0.3677789270877838,0.06856206522523667,0.4693334102630615
TCGA_DU_7008_19830723,kaggle_3m\TCGA_DU_7008_19830723\TCGA_DU_7008_19830723_39.tif,1.010101009080706e-09,True,0.0,99.0,4.354827251518145e-05,2.8539795875549316,0.0,0.0
TCGA_DU_7008_19830723,kaggle_3m\TCGA_DU_7008_19830723\TCGA_DU_7008_19830723_3.tif,1.0,False,0.0,0.0,2.6470550437807105e-05,1.7347739934921265,0.0,0.0
TCGA_DU_7008_19830723,kaggle_3m\TCGA_DU_7008_19830723\TCGA_DU_7008_19830723_40.tif,1.0,False,0.0,0.0,3.784624277614057e-05,2.4802913665771484,0.0,0.0
TCGA_DU_7008_19830723,kaggle_3m\TCGA_DU_7008_19830723\TCGA_DU_7008_19830723_41.tif,1.0,False,0.0,0.0,3.6807126889470965e-05,2.412191867828369,0.0,0.0
TCGA_DU_7008_19830723,kaggle_3m\TCGA_DU_7008_19830723\TCGA_DU_7008_19830723_42.tif,1.0,False,0.0,0.0,3.479062797850929e-05,2.280038595199585,0.0,0.0
TCGA_DU_7008_19830723,kaggle_3m\TCGA_DU_7008_19830723\TCGA_DU_7008_19830723_43.tif,1.0,False,0.0,0.0,3.524039493640885e-05,2.3095145225524902,0.0,0.0
TCGA_DU_7008_19830723,kaggle_3m\TCGA_DU_7008_19830723\TCGA_DU_7008_19830723_44.tif,1.0,False,0.0,0.0,3.5192202631151304e-05,2.306356191635132,0.0,0.0
TCGA_DU_7008_19830723,kaggle_3m\TCGA_DU_7008_19830723\TCGA_DU_7008_19830723_45.tif,1.0,False,0.0,0.0,3.1834781111683697e-05,2.0863242149353027,0.0,0.0
TCGA_DU_7008_19830723,kaggle_3m\TCGA_DU_7008_19830723\TCGA_DU_7008_19830723_46.tif,1.0,False,0.0,0.0,3.2094671041704714e-05,2.10335636138916,0.0,0.0
TCGA_DU_7008_19830723,kaggle_3m\TCGA_DU_7008_19830723\TCGA_DU_7008_19830723_47.tif,1.0,False,0.0,0.0,3.4238277294207364e-05,2.243839740753174,0.0,0.0
TCGA_DU_7008_19830723,kaggle_3m\TCGA_DU_7008_19830723\TCGA_DU_7008_19830723_48.tif,1.0,False,0.0,0.0,3.7954891013214365e-05,2.4874117374420166,0.0,0.0
TCGA_DU_7008_19830723,kaggle_3m\TCGA_DU_7008_19830723\TCGA_DU_7008_19830723_49.tif,1.0,False,0.0,0.0,4.198618626105599e-05,2.7516067028045654,0.0,0.0
TCGA_DU_7008_19830723,kaggle_3m\TCGA_DU_7008_19830723\TCGA_DU_7008_19830723_4.tif,1.0,False,0.0,0.0,2.292262070113793e-05,1.5022568702697754,0.0,0.0
TCGA_DU_7008_19830723,kaggle_3m\TCGA_DU_7008_19830723\TCGA_DU_7008_19830723_50.tif,1.0,False,0.0,0.0,5.1586255722213537e-05,3.3807568550109863,0.0,0.0
TCGA_DU_7008_19830723,kaggle_3m\TCGA_DU_7008_19830723\TCGA_DU_7008_19830723_51.tif,1.0,False,0.0,0.0,5.178674473427236e-05,3.3938961029052734,0.0,0.0
TCGA_DU_7008_19830723,kaggle_3m\TCGA_DU_7008_19830723\TCGA_DU_7008_19830723_52.tif,1.0,False,0.0,0.0,4.939830978401005e-05,3.237367630004883,0.0,0.0
TCGA_DU_7008_19830723,kaggle_3m\TCGA_DU_7008_19830723\TCGA_DU_7008_19830723_5.tif,1.0,False,0.0,0.0,2.4961242161225528e-05,1.6358599662780762,0.0,0.0
TCGA_DU_7008_19830723,kaggle_3m\TCGA_DU_7008_19830723\TCGA_DU_7008_19830723_6.tif,1.0,False,0.0,0.0,2.61150453297887e-05,1.7114756107330322,0.0,0.0
TCGA_DU_7008_19830723,kaggle_3m\TCGA_DU_7008_19830723\TCGA_DU_7008_19830723_7.tif,1.0,False,0.0,0.0,2.7057252736994997e-05,1.773224115371704,0.0,0.0
TCGA_DU_7008_19830723,kaggle_3m\TCGA_DU_7008_19830723\TCGA_DU_7008_19830723_8.tif,1.0,False,0.0,0.0,2.754297383944504e-05,1.8050563335418701,0.0,0.0
TCGA_DU_7008_19830723,kaggle_3m\TCGA_DU_7008_19830723\TCGA_DU_7008_19830723_9.tif,1.0,False,0.0,0.0,2.752581531240139e-05,1.8039318323135376,0.0,0.0
TCGA_DU_8162_19961029,kaggle_3m\TCGA_DU_8162_19961029\TCGA_DU_8162_19961029_10.tif,1.0,False,0.0,0.0,2.8426493372535333e-05,1.8629586696624756,0.0,0.0
TCGA_DU_8162_19961029,kaggle_3m\TCGA_DU_8162_19961029\TCGA_DU_8162_19961029_11.tif,3.4482758608799044e-10,True,0.0,290.0,3.586233651731163e-05,2.350274085998535,0.0,0.0
TCGA_DU_8162_19961029,kaggle_3m\TCGA_DU_8162_19961029\TCGA_DU_8162_19961029_12.tif,0.8434134217196839,True,552.0,655.0,0.00792769342660904,0.9395105242729187,0.5124205230204837,0.5718111395835876
TCGA_DU_8162_19961029,kaggle_3m\TCGA_DU_8162_19961029\TCGA_DU_8162_19961029_13.tif,0.925850061453263,True,1203.0,1238.0,0.00226828595623374,0.1234671026468277,0.024245696048209586,0.48652467131614685
TCGA_DU_8162_19961029,kaggle_3m\TCGA_DU_8162_19961029\TCGA_DU_8162_19961029_14.tif,0.9363905325467311,True,1396.0,1308.0,0.0020057563669979572,0.09409394860267639,0.018744535421759356,0.48710837960243225
TCGA_DU_8162_19961029,kaggle_3m\TCGA_DU_8162_19961029\TCGA_DU_8162_19961029_15.tif,0.9495258488849946,True,1635.0,1634.0,0.0031515578739345074,0.12624724209308624,0.029490587855772743,0.4721989035606384
TCGA_DU_8162_19961029,kaggle_3m\TCGA_DU_8162_19961029\TCGA_DU_8162_19961029_16.tif,0.9327695560282127,True,1195.0,1170.0,0.002564746420830488,0.1405378133058548,0.02890928927245706,0.4725000858306885
TCGA_DU_8162_19961029,kaggle_3m\TCGA_DU_8162_19961029\TCGA_DU_8162_19961029_17.tif,0.9437652811781773,True,586.0,641.0,0.001219369936734438,0.13613735139369965,0.025875537257951442,0.46151235699653625
TCGA_DU_8162_19961029,kaggle_3m\TCGA_DU_8162_19961029\TCGA_DU_8162_19961029_18.tif,0.8799342105361896,True,621.0,595.0,0.0021864823065698147,0.23037508130073547,0.05492069026274804,0.49547693133354187
TCGA_DU_8162_19961029,kaggle_3m\TCGA_DU_8162_19961029\TCGA_DU_8162_19961029_19.tif,2.0120724342028022e-10,True,0.0,497.0,6.395253876689821e-05,4.191193580627441,0.0,0.0
TCGA_DU_8162_19961029,kaggle_3m\TCGA_DU_8162_19961029\TCGA_DU_8162_19961029_1.tif,1.0,False,0.0,0.0,2.9559294489445165e-05,1.9371979236602783,0.0,0.0
TCGA_DU_8162_19961029,kaggle_3m\TCGA_DU_8162_19961029\TCGA_DU_8162_19961029_20.tif,1.0,False,0.0,0.0,0.0010034856386482716,65.76443481445312,0.24999999981203014,0.31089523434638977
TCGA_DU_8162_19961029,kaggle_3m\TCGA_DU_8162_19961029\TCGA_DU_8162_19961029_21.tif,1.0,False,0.0,0.0,5.132819205755368e-05,3.363844394683838,0.0,0.0
TCGA_DU_8162_19961029,kaggle_3m\TCGA_DU_8162_19961029\TCGA_DU_8162_19961029_22.tif,1.0,False,0.0,0.0,4.707266634795815e-05,3.084954261779785,0.0,0.0
TCGA_DU_8162_19961029,kaggle_3m\TCGA_DU_8162_19961029\TCGA_DU_8162_19961029_23.tif,1.0,False,0.0,0.0,4.689374327426776e-05,3.073228359222412,0.0,0.0
TCGA_DU_8162_19961029,kaggle_3m\TCGA_DU_8162_19961029\TCGA_DU_8162_19961029_24.tif,1.0,False,0.0,0.0,4.851726407650858e-05,3.1796274185180664,0.0,0.0
TCGA_DU_8162_19961029,kaggle_3m\TCGA_DU_8162_19961029\TCGA_DU_8162_19961029_25.tif,1.0,False,0.0,0.0,4.618592356564477e-05,3.0268406867980957,0.0,0.0
TCGA_DU_8162_19961029,kaggle_3m\TCGA_DU_8162_19961029\TCGA_DU_8162_19961029_26.tif,1.0,False,0.0,0.0,4.054306918988004e-05,2.6570305824279785,0.0,0.0
TCGA_DU_8162_19961029,kaggle_3m\TCGA_DU_8162_19961029\TCGA_DU_8162_19961029_27.tif,1.0,False,0.0,0.0,4.214672662783414e-05,2.7621278762817383,0.0,0.0
TCGA_DU_8162_19961029,kaggle_3m\TCGA_DU_8162_19961029\TCGA_DU_8162_19961029_28.tif,1.0,False,0.0,0.0,3.55405718437396e-05,2.3291869163513184,0.0,0.0
TCGA_DU_8162_19961029,kaggle_3m\TCGA_DU_8162_19961029\TCGA_DU_8162_19961029_29.tif,1.0,False,0.0,0.0,3.362576535437256e-05,2.20369815826416,0.0,0.0
TCGA_DU_8162_19961029,kaggle_3m\TCGA_DU_8162_19961029\TCGA_DU_8162_19961029_2.tif,1.0,False,0.0,0.0,2.6376554160378873e-05,1.7286138534545898,0.0,0.0
TCGA_DU_8162_19961029,kaggle_3m\TCGA_DU_8162_19961029\TCGA_DU_8162_19961029_30.tif,1.0,False,0.0,0.0,3.249111250624992e-05,2.1293375492095947,0.0,0.0
TCGA_DU_8162_19961029,kaggle_3m\TCGA_DU_8162_19961029\TCGA_DU_8162_19961029_31.tif,1.0,False,0.0,0.0,3.490824019536376e-05,2.2877464294433594,0.0,0.0
TCGA_DU_8162_19961029,kaggle_3m\TCGA_DU_8162_19961029\TCGA_DU_8162_19961029_32.tif,1.0,False,0.0,0.0,4.273239028407261e-05,2.8005099296569824,0.0,0.0
TCGA_DU_8162_19961029,kaggle_3m\TCGA_DU_8162_19961029\TCGA_DU_8162_19961029_33.tif,1.0,False,0.0,0.0,3.589224797906354e-05,2.352234363555908,0.0,0.0
TCGA_DU_8162_19961029,kaggle_3m\TCGA_DU_8162_19961029\TCGA_DU_8162_19961029_34.tif,1.0,False,0.0,0.0,3.056647983612493e-05,2.003204822540283,0.0,0.0
TCGA_DU_8162_19961029,kaggle_3m\TCGA_DU_8162_19961029\TCGA_DU_8162_19961029_35.tif,1.0,False,0.0,0.0,4.834036371903494e-05,3.168034076690674,0.0,0.0
TCGA_DU_8162_19961029,kaggle_3m\TCGA_DU_8162_19961029\TCGA_DU_8162_19961029_36.tif,1.0,False,0.0,0.0,4.6176573960110545e-05,3.0262279510498047,0.0,0.0
TCGA_DU_8162_19961029,kaggle_3m\TCGA_DU_8162_19961029\TCGA_DU_8162_19961029_37.tif,1.0,False,0.0,0.0,4.8921989218797535e-05,3.2061514854431152,0.0,0.0
TCGA_DU_8162_19961029,kaggle_3m\TCGA_DU_8162_19961029\TCGA_DU_8162_19961029_3.tif,1.0,False,0.0,0.0,2.61549048445886e-05,1.7140878438949585,0.0,0.0
TCGA_DU_8162_19961029,kaggle_3m\TCGA_DU_8162_19961029\TCGA_DU_8162_19961029_4.tif,1.0,False,0.0,0.0,2.6224646717309952e-05,1.718658447265625,0.0,0.0
TCGA_DU_8162_19961029,kaggle_3m\TCGA_DU_8162_19961029\TCGA_DU_8162_19961029_5.tif,1.0,False,0.0,0.0,2.532363942009397e-05,1.6596100330352783,0.0,0.0
TCGA_DU_8162_19961029,kaggle_3m\TCGA_DU_8162_19961029\TCGA_DU_8162_19961029_6.tif,1.0,False,0.0,0.0,2.838860200427007e-05,1.8604754209518433,0.0,0.0
TCGA_DU_8162_19961029,kaggle_3m\TCGA_DU_8162_19961029\TCGA_DU_8162_19961029_7.tif,1.0,False,0.0,0.0,2.7114812837680802e-05,1.776996374130249,0.0,0.0
TCGA_DU_8162_19961029,kaggle_3m\TCGA_DU_8162_19961029\TCGA_DU_8162_19961029_8.tif,1.0,False,0.0,0.0,3.0297267585410737e-05,1.985561728477478,0.0,0.0
TCGA_DU_8162_19961029,kaggle_3m\TCGA_DU_8162_19961029\TCGA_DU_8162_19961029_9.tif,1.0,False,0.0,0.0,2.9284081392688677e-05,1.9191615581512451,0.0,0.0
TCGA_DU_8164_19970111,kaggle_3m\TCGA_DU_8164_19970111\TCGA_DU_8164_19970111_10.tif,1.0,False,0.0,0.0,3.1932053389027715e-05,2.0926990509033203,0.0,0.0
TCGA_DU_8164_19970111,kaggle_3m\TCGA_DU_8164_19970111\TCGA_DU_8164_19970111_11.tif,1.0,False,0.0,0.0,2.7762409445131198e-05,1.8194372653961182,0.0,0.0
TCGA_DU_8164_19970111,kaggle_3m\TCGA_DU_8164_19970111\TCGA_DU_8164_19970111_12.tif,1.0,False,0.0,0.0,3.0278526537586004e-05,1.9843335151672363,0.0,0.0
TCGA_DU_8164_19970111,kaggle_3m\TCGA_DU_8164_19970111\TCGA_DU_8164_19970111_13.tif,1.0,False,0.0,0.0,3.901891614077613e-05,2.5571436882019043,0.0,0.0
TCGA_DU_8164_19970111,kaggle_3m\TCGA_DU_8164_19970111\TCGA_DU_8164_19970111_14.tif,1.0,False,0.0,0.0,4.4178796088090166e-05,2.895301580429077,0.0,0.0
TCGA_DU_8164_19970111,kaggle_3m\TCGA_DU_8164_19970111\TCGA_DU_8164_19970111_15.tif,1.0,False,0.0,0.0,4.169716703472659e-05,2.732665538787842,0.0,0.0
TCGA_DU_8164_19970111,kaggle_3m\TCGA_DU_8164_19970111\TCGA_DU_8164_19970111_16.tif,1.0,False,0.0,0.0,4.380536120152101e-05,2.870828151702881,0.0,0.0
TCGA_DU_8164_19970111,kaggle_3m\TCGA_DU_8164_19970111\TCGA_DU_8164_19970111_17.tif,1.0,False,0.0,0.0,5.583187157753855e-05,3.6589975357055664,0.0,0.0
TCGA_DU_8164_19970111,kaggle_3m\TCGA_DU_8164_19970111\TCGA_DU_8164_19970111_18.tif,1.0,False,0.0,0.0,5.498943937709555e-05,3.603787899017334,0.0,0.0
TCGA_DU_8164_19970111,kaggle_3m\TCGA_DU_8164_19970111\TCGA_DU_8164_19970111_19.tif,1.0,False,0.0,0.0,6.275447958614677e-05,4.112677574157715,0.0,0.0
TCGA_DU_8164_19970111,kaggle_3m\TCGA_DU_8164_19970111\TCGA_DU_8164_19970111_1.tif,1.0,False,0.0,0.0,4.1324590711155906e-05,2.7082483768463135,0.0,0.0
TCGA_DU_8164_19970111,kaggle_3m\TCGA_DU_8164_19970111\TCGA_DU_8164_19970111_20.tif,1.4044943818252114e-10,True,0.0,712.0,5.638594666379504e-05,3.6953094005584717,0.0,0.0
TCGA_DU_8164_19970111,kaggle_3m\TCGA_DU_8164_19970111\TCGA_DU_8164_19970111_21.tif,0.8950073421458332,True,2733.0,2715.0,0.007838728837668896,0.1879001259803772,0.05153306191437679,0.5125802755355835
TCGA_DU_8164_19970111,kaggle_3m\TCGA_DU_8164_19970111\TCGA_DU_8164_19970111_22.tif,0.9247858672386939,True,3539.0,3933.0,0.005019418895244598,0.09292447566986084,0.022008051266556805,0.4784404933452606
TCGA_DU_8164_19970111,kaggle_3m\TCGA_DU_8164_19970111\TCGA_DU_8164_19970111_23.tif,0.7819620253199057,True,3359.0,2961.0,0.00962422601878643,0.1877182424068451,0.050403331263010664,0.4854133129119873
TCGA_DU_8164_19970111,kaggle_3m\TCGA_DU_8164_19970111\TCGA_DU_8164_19970111_24.tif,0.9367924528311825,True,3217.0,3143.0,0.006572120822966099,0.13384416699409485,0.03070815919109171,0.4929006099700928
TCGA_DU_8164_19970111,kaggle_3m\TCGA_DU_8164_19970111\TCGA_DU_8164_19970111_25.tif,0.9487913486013233,True,3195.0,3093.0,0.004915886092931032,0.10080335289239883,0.02284475804792996,0.4794027507305145
TCGA_DU_8164_19970111,kaggle_3m\TCGA_DU_8164_19970111\TCGA_DU_8164_19970111_26.tif,0.936810431294938,True,2959.0,3023.0,0.0036931687500327826,0.08176875114440918,0.017288599682449335,0.49082455039024353
TCGA_DU_8164_19970111,kaggle_3m\TCGA_DU_8164_19970111\TCGA_DU_8164_19970111_27.tif,0.9688620494438788,True,2685.0,2614.0,0.003416609950363636,0.08336222916841507,0.01603863254685778,0.48666152358055115
TCGA_DU_8164_19970111,kaggle_3m\TCGA_DU_8164_19970111\TCGA_DU_8164_19970111_28.tif,0.9543646150256409,True,2196.0,2077.0,0.004042361862957478,0.120582714676857,0.02352026546864483,0.45862144231796265
TCGA_DU_8164_19970111,kaggle_3m\TCGA_DU_8164_19970111\TCGA_DU_8164_19970111_29.tif,0.9060710194757712,True,1879.0,1613.0,0.003268340602517128,0.11393295973539352,0.023992207472819382,0.48449450731277466
TCGA_DU_8164_19970111,kaggle_3m\TCGA_DU_8164_19970111\TCGA_DU_8164_19970111_2.tif,1.0,False,0.0,0.0,2.579959800641518e-05,1.6908024549484253,0.0,0.0
TCGA_DU_8164_19970111,kaggle_3m\TCGA_DU_8164_19970111\TCGA_DU_8164_19970111_30.tif,0.9425872093044118,True,1415.0,1337.0,0.002394047100096941,0.11080244928598404,0.0236087753597346,0.4573834538459778
TCGA_DU_8164_19970111,kaggle_3m\TCGA_DU_8164_19970111\TCGA_DU_8164_19970111_31.tif,0.8910012674340303,True,831.0,747.0,0.002238173969089985,0.17629924416542053,0.03592426140990079,0.47371813654899597
TCGA_DU_8164_19970111,kaggle_3m\TCGA_DU_8164_19970111\TCGA_DU_8164_19970111_32.tif,5.05050504795429e-10,True,0.0,198.0,3.690441735670902e-05,2.4185678958892822,0.0,0.0
TCGA_DU_8164_19970111,kaggle_3m\TCGA_DU_8164_19970111\TCGA_DU_8164_19970111_33.tif,1.0,False,0.0,0.0,3.036267480638344e-05,1.989848256111145,0.0,0.0
TCGA_DU_8164_19970111,kaggle_3m\TCGA_DU_8164_19970111\TCGA_DU_8164_19970111_34.tif,1.0,False,0.0,0.0,3.111084515694529e-05,2.0388803482055664,0.0,0.0
TCGA_DU_8164_19970111,kaggle_3m\TCGA_DU_8164_19970111\TCGA_DU_8164_19970111_35.tif,1.0,False,0.0,0.0,3.3018812246154994e-05,2.1639208793640137,0.0,0.0
TCGA_DU_8164_19970111,kaggle_3m\TCGA_DU_8164_19970111\TCGA_DU_8164_19970111_36.tif,1.0,False,0.0,0.0,4.511643055593595e-05,2.9567503929138184,0.0,0.0
TCGA_DU_8164_19970111,kaggle_3m\TCGA_DU_8164_19970111\TCGA_DU_8164_19970111_37.tif,1.0,False,0.0,0.0,4.993991751689464e-05,3.272862434387207,0.0,0.0
TCGA_DU_8164_19970111,kaggle_3m\TCGA_DU_8164_19970111\TCGA_DU_8164_19970111_3.tif,1.0,False,0.0,0.0,2.576890983618796e-05,1.688791275024414,0.0,0.0
TCGA_DU_8164_19970111,kaggle_3m\TCGA_DU_8164_19970111\TCGA_DU_8164_19970111_4.tif,1.0,False,0.0,0.0,2.4795441277092323e-05,1.6249940395355225,0.0,0.0
TCGA_DU_8164_19970111,kaggle_3m\TCGA_DU_8164_19970111\TCGA_DU_8164_19970111_5.tif,1.0,False,0.0,0.0,2.632359610288404e-05,1.7251431941986084,0.0,0.0
TCGA_DU_8164_19970111,kaggle_3m\TCGA_DU_8164_19970111\TCGA_DU_8164_19970111_6.tif,1.0,False,0.0,0.0,2.7034217055188492e-05,1.771714448928833,0.0,0.0
TCGA_DU_8164_19970111,kaggle_3m\TCGA_DU_8164_19970111\TCGA_DU_8164_19970111_7.tif,1.0,False,0.0,0.0,2.9459475626936182e-05,1.9306561946868896,0.0,0.0
TCGA_DU_8164_19970111,kaggle_3m\TCGA_DU_8164_19970111\TCGA_DU_8164_19970111_8.tif,1.0,False,0.0,0.0,3.1221992685459554e-05,2.0461645126342773,0.0,0.0
TCGA_DU_8164_19970111,kaggle_3m\TCGA_DU_8164_19970111\TCGA_DU_8164_19970111_9.tif,1.0,False,0.0,0.0,3.068885416723788e-05,2.0112247467041016,0.0,0.0
TCGA_DU_8165_19970205,kaggle_3m\TCGA_DU_8165_19970205\TCGA_DU_8165_19970205_10.tif,1.0,False,0.0,0.0,3.6684687074739486e-05,2.404167652130127,0.0,0.0
TCGA_DU_8165_19970205,kaggle_3m\TCGA_DU_8165_19970205\TCGA_DU_8165_19970205_11.tif,1.0,False,0.0,0.0,3.943195042666048e-05,2.584212303161621,0.0,0.0
TCGA_DU_8165_19970205,kaggle_3m\TCGA_DU_8165_19970205\TCGA_DU_8165_19970205_12.tif,4.739336490644864e-10,True,0.0,211.0,4.843899660045281e-05,3.1744980812072754,0.0,0.0
TCGA_DU_8165_19970205,kaggle_3m\TCGA_DU_8165_19970205\TCGA_DU_8165_19970205_13.tif,0.7208717519093988,True,763.0,430.0,0.0041153524070978165,0.35301536321640015,0.09188212493367665,0.5050818920135498
TCGA_DU_8165_19970205,kaggle_3m\TCGA_DU_8165_19970205\TCGA_DU_8165_19970205_14.tif,1.7182130581240185e-10,True,0.0,582.0,0.006094077602028847,399.3814697265625,0.5676258560469114,0.5538306832313538
TCGA_DU_8165_19970205,kaggle_3m\TCGA_DU_8165_19970205\TCGA_DU_8165_19970205_15.tif,0.47407407417146785,True,140.0,400.0,0.004651287570595741,2.1618921756744385,0.6648073243967023,0.563118577003479
TCGA_DU_8165_19970205,kaggle_3m\TCGA_DU_8165_19970205\TCGA_DU_8165_19970205_16.tif,0.8674698795446848,True,251.0,247.0,0.002324935980141163,0.6046309471130371,0.1462405249724894,0.49753254652023315
TCGA_DU_8165_19970205,kaggle_3m\TCGA_DU_8165_19970205\TCGA_DU_8165_19970205_17.tif,1.0,False,0.0,0.0,6.776487862225622e-05,4.441039085388184,0.0,0.0
TCGA_DU_8165_19970205,kaggle_3m\TCGA_DU_8165_19970205\TCGA_DU_8165_19970205_18.tif,1.0,False,0.0,0.0,6.99326119502075e-05,4.583103656768799,0.0,0.0
TCGA_DU_8165_19970205,kaggle_3m\TCGA_DU_8165_19970205\TCGA_DU_8165_19970205_19.tif,1.0,False,0.0,0.0,7.641914999112487e-05,5.008205413818359,0.0,0.0
TCGA_DU_8165_19970205,kaggle_3m\TCGA_DU_8165_19970205\TCGA_DU_8165_19970205_1.tif,1.0,False,0.0,0.0,4.4223517761565745e-05,2.8982324600219727,0.0,0.0
TCGA_DU_8165_19970205,kaggle_3m\TCGA_DU_8165_19970205\TCGA_DU_8165_19970205_20.tif,1.0,False,0.0,0.0,7.129926234483719e-05,4.67266845703125,0.0,0.0
TCGA_DU_8165_19970205,kaggle_3m\TCGA_DU_8165_19970205\TCGA_DU_8165_19970205_21.tif,1.0,False,0.0,0.0,7.689150515943766e-05,5.039161682128906,0.0,0.0
TCGA_DU_8165_19970205,kaggle_3m\TCGA_DU_8165_19970205\TCGA_DU_8165_19970205_22.tif,1.0,False,0.0,0.0,7.517651101807132e-05,4.926767826080322,0.0,0.0
TCGA_DU_8165_19970205,kaggle_3m\TCGA_DU_8165_19970205\TCGA_DU_8165_19970205_23.tif,1.0,False,0.0,0.0,7.597036892548203e-05,4.978794097900391,0.0,0.0
TCGA_DU_8165_19970205,kaggle_3m\TCGA_DU_8165_19970205\TCGA_DU_8165_19970205_24.tif,1.0,False,0.0,0.0,8.542423893231899e-05,5.598362922668457,0.0,0.0
TCGA_DU_8165_19970205,kaggle_3m\TCGA_DU_8165_19970205\TCGA_DU_8165_19970205_25.tif,1.0,False,0.0,0.0,8.284198702313006e-05,5.429132461547852,0.0,0.0
TCGA_DU_8165_19970205,kaggle_3m\TCGA_DU_8165_19970205\TCGA_DU_8165_19970205_26.tif,1.0,False,0.0,0.0,7.562099926872179e-05,4.955897808074951,0.0,0.0
TCGA_DU_8165_19970205,kaggle_3m\TCGA_DU_8165_19970205\TCGA_DU_8165_19970205_27.tif,1.0,False,0.0,0.0,6.546829536091536e-05,4.290530204772949,0.0,0.0
TCGA_DU_8165_19970205,kaggle_3m\TCGA_DU_8165_19970205\TCGA_DU_8165_19970205_28.tif,1.0,False,0.0,0.0,6.663674139417708e-05,4.367105484008789,0.0,0.0
TCGA_DU_8165_19970205,kaggle_3m\TCGA_DU_8165_19970205\TCGA_DU_8165_19970205_29.tif,1.0,False,0.0,0.0,6.219911301741377e-05,4.0762810707092285,0.0,0.0
TCGA_DU_8165_19970205,kaggle_3m\TCGA_DU_8165_19970205\TCGA_DU_8165_19970205_2.tif,1.0,False,0.0,0.0,4.8092268116306514e-05,3.1517748832702637,0.0,0.0
TCGA_DU_8165_19970205,kaggle_3m\TCGA_DU_8165_19970205\TCGA_DU_8165_19970205_30.tif,1.0,False,0.0,0.0,5.152949597686529e-05,3.3770370483398438,0.0,0.0
TCGA_DU_8165_19970205,kaggle_3m\TCGA_DU_8165_19970205\TCGA_DU_8165_19970205_31.tif,1.0,False,0.0,0.0,6.034215402905829e-05,3.9545834064483643,0.0,0.0
TCGA_DU_8165_19970205,kaggle_3m\TCGA_DU_8165_19970205\TCGA_DU_8165_19970205_32.tif,1.0,False,0.0,0.0,4.642199201043695e-05,3.042311668395996,0.0,0.0
TCGA_DU_8165_19970205,kaggle_3m\TCGA_DU_8165_19970205\TCGA_DU_8165_19970205_33.tif,1.0,False,0.0,0.0,3.1433868571184576e-05,2.0600500106811523,0.0,0.0
TCGA_DU_8165_19970205,kaggle_3m\TCGA_DU_8165_19970205\TCGA_DU_8165_19970205_34.tif,1.0,False,0.0,0.0,2.994186979776714e-05,1.9622703790664673,0.0,0.0
TCGA_DU_8165_19970205,kaggle_3m\TCGA_DU_8165_19970205\TCGA_DU_8165_19970205_35.tif,1.0,False,0.0,0.0,4.350830931798555e-05,2.851360559463501,0.0,0.0
TCGA_DU_8165_19970205,kaggle_3m\TCGA_DU_8165_19970205\TCGA_DU_8165_19970205_36.tif,1.0,False,0.0,0.0,4.510808503255248e-05,2.9562034606933594,0.0,0.0
TCGA_DU_8165_19970205,kaggle_3m\TCGA_DU_8165_19970205\TCGA_DU_8165_19970205_3.tif,1.0,False,0.0,0.0,4.8891393817029893e-05,3.204146385192871,0.0,0.0
TCGA_DU_8165_19970205,kaggle_3m\TCGA_DU_8165_19970205\TCGA_DU_8165_19970205_4.tif,1.0,False,0.0,0.0,4.498783891904168e-05,2.9483230113983154,0.0,0.0
TCGA_DU_8165_19970205,kaggle_3m\TCGA_DU_8165_19970205\TCGA_DU_8165_19970205_5.tif,1.0,False,0.0,0.0,4.3992462451569736e-05,2.883090019226074,0.0,0.0
TCGA_DU_8165_19970205,kaggle_3m\TCGA_DU_8165_19970205\TCGA_DU_8165_19970205_6.tif,1.0,False,0.0,0.0,4.133683250984177e-05,2.7090506553649902,0.0,0.0
TCGA_DU_8165_19970205,kaggle_3m\TCGA_DU_8165_19970205\TCGA_DU_8165_19970205_7.tif,1.0,False,0.0,0.0,4.123993858229369e-05,2.702700614929199,0.0,0.0
TCGA_DU_8165_19970205,kaggle_3m\TCGA_DU_8165_19970205\TCGA_DU_8165_19970205_8.tif,1.0,False,0.0,0.0,3.7915073335170746e-05,2.48480224609375,0.0,0.0
TCGA_DU_8165_19970205,kaggle_3m\TCGA_DU_8165_19970205\TCGA_DU_8165_19970205_9.tif,1.0,False,0.0,0.0,4.286515832063742e-05,2.809211015701294,0.0,0.0
TCGA_DU_8167_19970402,kaggle_3m\TCGA_DU_8167_19970402\TCGA_DU_8167_19970402_10.tif,1.0,False,0.0,0.0,2.708212923607789e-05,1.7748544216156006,0.0,0.0
TCGA_DU_8167_19970402,kaggle_3m\TCGA_DU_8167_19970402\TCGA_DU_8167_19970402_11.tif,1.0,False,0.0,0.0,3.5554425267037004e-05,2.330094814300537,0.0,0.0
TCGA_DU_8167_19970402,kaggle_3m\TCGA_DU_8167_19970402\TCGA_DU_8167_19970402_12.tif,0.7880597015558031,True,194.0,141.0,0.0014319679467007518,0.48125872015953064,0.1098877902887142,0.47972041368484497
TCGA_DU_8167_19970402,kaggle_3m\TCGA_DU_8167_19970402\TCGA_DU_8167_19970402_13.tif,0.9526401741996385,True,922.0,915.0,0.00243195379152894,0.17267662286758423,0.04199428364961477,0.4601522982120514
TCGA_DU_8167_19970402,kaggle_3m\TCGA_DU_8167_19970402\TCGA_DU_8167_19970402_14.tif,0.8942622950863007,True,1152.0,1288.0,0.0026014172472059727,0.14786338806152344,0.03383678829396697,0.4878820776939392
TCGA_DU_8167_19970402,kaggle_3m\TCGA_DU_8167_19970402\TCGA_DU_8167_19970402_15.tif,0.9097520661186859,True,1522.0,1503.0,0.0026697670109570026,0.11488237231969833,0.026392922742326408,0.47224506735801697
TCGA_DU_8167_19970402,kaggle_3m\TCGA_DU_8167_19970402\TCGA_DU_8167_19970402_16.tif,0.9129231424331931,True,2472.0,2225.0,0.004743316676467657,0.12570077180862427,0.028792002413815188,0.4587623178958893
TCGA_DU_8167_19970402,kaggle_3m\TCGA_DU_8167_19970402\TCGA_DU_8167_19970402_17.tif,0.9373501199050157,True,3509.0,3163.0,0.004292577039450407,0.08014766871929169,0.017041848740275145,0.49438008666038513
TCGA_DU_8167_19970402,kaggle_3m\TCGA_DU_8167_19970402\TCGA_DU_8167_19970402_18.tif,0.9408495434704135,True,3868.0,3689.0,0.004037779755890369,0.06839491426944733,0.013937885023737606,0.4892406761646271
TCGA_DU_8167_19970402,kaggle_3m\TCGA_DU_8167_19970402\TCGA_DU_8167_19970402_19.tif,0.9459178367141716,True,3991.0,3701.0,0.004672306589782238,0.0767044797539711,0.01793611119121541,0.4954545497894287
TCGA_DU_8167_19970402,kaggle_3m\TCGA_DU_8167_19970402\TCGA_DU_8167_19970402_1.tif,1.0,False,0.0,0.0,3.4287186281289905e-05,2.2470450401306152,0.0,0.0
TCGA_DU_8167_19970402,kaggle_3m\TCGA_DU_8167_19970402\TCGA_DU_8167_19970402_20.tif,0.9613746511975125,True,3421.0,3388.0,0.003533721901476383,0.0676756277680397,0.013141302894747242,0.4739008843898773
TCGA_DU_8167_19970402,kaggle_3m\TCGA_DU_8167_19970402\TCGA_DU_8167_19970402_21.tif,0.9585300067437874,True,2986.0,2946.0,0.0036815337371081114,0.08077435195446014,0.014939227198439098,0.47058388590812683
TCGA_DU_8167_19970402,kaggle_3m\TCGA_DU_8167_19970402\TCGA_DU_8167_19970402_22.tif,0.9549958711817713,True,2474.0,2370.0,0.003179272636771202,0.08418457210063934,0.01651331509197096,0.462311714887619
TCGA_DU_8167_19970402,kaggle_3m\TCGA_DU_8167_19970402\TCGA_DU_8167_19970402_23.tif,0.9377268919313676,True,1770.0,1811.0,0.0038345572538673878,0.14189811050891876,0.03105611190089419,0.4620738923549652
TCGA_DU_8167_19970402,kaggle_3m\TCGA_DU_8167_19970402\TCGA_DU_8167_19970402_24.tif,0.8826815642501794,True,1296.0,1389.0,0.004677825141698122,0.2363654226064682,0.05529333165958228,0.4738801121711731
TCGA_DU_8167_19970402,kaggle_3m\TCGA_DU_8167_19970402\TCGA_DU_8167_19970402_25.tif,0.8411934552607128,True,463.0,576.0,0.003436403814703226,0.4853624105453491,0.11467711411154258,0.48411551117897034
TCGA_DU_8167_19970402,kaggle_3m\TCGA_DU_8167_19970402\TCGA_DU_8167_19970402_26.tif,1.0,False,0.0,0.0,0.0007657818496227264,50.186279296875,0.603982532769705,0.4734620153903961
TCGA_DU_8167_19970402,kaggle_3m\TCGA_DU_8167_19970402\TCGA_DU_8167_19970402_27.tif,1.0,False,0.0,0.0,0.00038537700311280787,25.256067276000977,0.24999999943181805,0.33735349774360657
TCGA_DU_8167_19970402,kaggle_3m\TCGA_DU_8167_19970402\TCGA_DU_8167_19970402_28.tif,1.0,False,0.0,0.0,5.961852730251849e-05,3.9071598052978516,0.0,0.0
TCGA_DU_8167_19970402,kaggle_3m\TCGA_DU_8167_19970402\TCGA_DU_8167_19970402_29.tif,1.0,False,0.0,0.0,5.132172736921348e-05,3.3634207248687744,0.0,0.0
TCGA_DU_8167_19970402,kaggle_3m\TCGA_DU_8167_19970402\TCGA_DU_8167_19970402_2.tif,1.0,False,0.0,0.0,3.321531767142005e-05,2.1767990589141846,0.0,0.0
TCGA_DU_8167_19970402,kaggle_3m\TCGA_DU_8167_19970402\TCGA_DU_8167_19970402_30.tif,1.0,False,0.0,0.0,4.4608947064261883e-05,2.923491954803467,0.0,0.0
TCGA_DU_8167_19970402,kaggle_3m\TCGA_DU_8167_19970402\TCGA_DU_8167_19970402_31.tif,1.0,False,0.0,0.0,4.12601038988214e-05,2.704022169113159,0.0,0.0
TCGA_DU_8167_19970402,kaggle_3m\TCGA_DU_8167_19970402\TCGA_DU_8167_19970402_32.tif,1.0,False,0.0,0.0,3.8565678551094607e-05,2.527440309524536,0.0,0.0
TCGA_DU_8167_19970402,kaggle_3m\TCGA_DU_8167_19970402\TCGA_DU_8167_19970402_33.tif,1.0,False,0.0,0.0,4.196872760076076e-05,2.750462532043457,0.0,0.0
TCGA_DU_8167_19970402,kaggle_3m\TCGA_DU_8167_19970402\TCGA_DU_8167_19970402_34.tif,1.0,False,0.0,0.0,3.632638254202902e-05,2.380685806274414,0.0,0.0
TCGA_DU_8167_19970402,kaggle_3m\TCGA_DU_8167_19970402\TCGA_DU_8167_19970402_35.tif,1.0,False,0.0,0.0,3.0240946216508746e-05,1.9818706512451172,0.0,0.0
TCGA_DU_8167_19970402,kaggle_3m\TCGA_DU_8167_19970402\TCGA_DU_8167_19970402_36.tif,1.0,False,0.0,0.0,4.0026756323641166e-05,2.6231935024261475,0.0,0.0
TCGA_DU_8167_19970402,kaggle_3m\TCGA_DU_8167_19970402\TCGA_DU_8167_19970402_37.tif,1.0,False,0.0,0.0,4.7161309339571744e-05,3.090763568878174,0.0,0.0
TCGA_DU_8167_19970402,kaggle_3m\TCGA_DU_8167_19970402\TCGA_DU_8167_19970402_3.tif,1.0,False,0.0,0.0,3.040102092199959e-05,1.992361307144165,0.0,0.0
TCGA_DU_8167_19970402,kaggle_3m\TCGA_DU_8167_19970402\TCGA_DU_8167_19970402_4.tif,1.0,False,0.0,0.0,3.4734257496893406e-05,2.2763442993164062,0.0,0.0
TCGA_DU_8167_19970402,kaggle_3m\TCGA_DU_8167_19970402\TCGA_DU_8167_19970402_5.tif,1.0,False,0.0,0.0,3.588207619031891e-05,2.3515677452087402,0.0,0.0
TCGA_DU_8167_19970402,kaggle_3m\TCGA_DU_8167_19970402\TCGA_DU_8167_19970402_6.tif,1.0,False,0.0,0.0,2.8092415959690697e-05,1.8410645723342896,0.0,0.0
TCGA_DU_8167_19970402,kaggle_3m\TCGA_DU_8167_19970402\TCGA_DU_8167_19970402_7.tif,1.0,False,0.0,0.0,2.592713281046599e-05,1.6991605758666992,0.0,0.0
TCGA_DU_8167_19970402,kaggle_3m\TCGA_DU_8167_19970402\TCGA_DU_8167_19970402_8.tif,1.0,False,0.0,0.0,2.5069897674256936e-05,1.6429808139801025,0.0,0.0
TCGA_DU_8167_19970402,kaggle_3m\TCGA_DU_8167_19970402\TCGA_DU_8167_19970402_9.tif,1.0,False,0.0,0.0,2.7290607249597088e-05,1.7885172367095947,0.0,0.0
TCGA_DU_A5TR_19970726,kaggle_3m\TCGA_DU_A5TR_19970726\TCGA_DU_A5TR_19970726_10.tif,1.0,False,0.0,0.0,3.250424924772233e-05,2.1301984786987305,0.0,0.0
TCGA_DU_A5TR_19970726,kaggle_3m\TCGA_DU_A5TR_19970726\TCGA_DU_A5TR_19970726_11.tif,1.0,False,0.0,0.0,3.147198731312528e-05,2.0625481605529785,0.0,0.0
TCGA_DU_A5TR_19970726,kaggle_3m\TCGA_DU_A5TR_19970726\TCGA_DU_A5TR_19970726_12.tif,0.6620689655949267,True,280.0,155.0,0.005110298749059439,1.1918452978134155,0.5442550086877658,0.5606194734573364
TCGA_DU_A5TR_19970726,kaggle_3m\TCGA_DU_A5TR_19970726\TCGA_DU_A5TR_19970726_13.tif,0.7826771653714427,True,743.0,527.0,0.0033576874993741512,0.29576534032821655,0.07513713394457455,0.503760814666748
TCGA_DU_A5TR_19970726,kaggle_3m\TCGA_DU_A5TR_19970726\TCGA_DU_A5TR_19970726_14.tif,0.7575471698227573,True,1316.0,804.0,0.004479089751839638,0.2228865772485733,0.05936786932905025,0.49416184425354004
TCGA_DU_A5TR_19970726,kaggle_3m\TCGA_DU_A5TR_19970726\TCGA_DU_A5TR_19970726_15.tif,0.7532043812688602,True,1925.0,2366.0,0.004334844183176756,0.14750173687934875,0.031174835543078205,0.46722567081451416
TCGA_DU_A5TR_19970726,kaggle_3m\TCGA_DU_A5TR_19970726\TCGA_DU_A5TR_19970726_16.tif,0.9132564386172657,True,3224.0,3105.0,0.008047599345445633,0.16353720426559448,0.042921072430285756,0.5121189951896667
TCGA_DU_A5TR_19970726,kaggle_3m\TCGA_DU_A5TR_19970726\TCGA_DU_A5TR_19970726_17.tif,0.9300630693772941,True,3474.0,3661.0,0.006252237595617771,0.11791270226240158,0.028023065770053757,0.4941074252128601
TCGA_DU_A5TR_19970726,kaggle_3m\TCGA_DU_A5TR_19970726\TCGA_DU_A5TR_19970726_18.tif,0.8766536474754106,True,3535.0,4402.0,0.010367821902036667,0.19215655326843262,0.05400246121724639,0.4806876480579376
TCGA_DU_A5TR_19970726,kaggle_3m\TCGA_DU_A5TR_19970726\TCGA_DU_A5TR_19970726_19.tif,0.9102622061492962,True,4280.0,4568.0,0.011751936748623848,0.17990538477897644,0.0512160435788952,0.5029738545417786
TCGA_DU_A5TR_19970726,kaggle_3m\TCGA_DU_A5TR_19970726\TCGA_DU_A5TR_19970726_1.tif,1.0,False,0.0,0.0,8.231945685110986e-05,5.394887924194336,0.0,0.0
TCGA_DU_A5TR_19970726,kaggle_3m\TCGA_DU_A5TR_19970726\TCGA_DU_A5TR_19970726_20.tif,0.8882931188575477,True,3735.0,4098.0,0.011382624506950378,0.19967122375965118,0.05986707098754118,0.4678989052772522
TCGA_DU_A5TR_19970726,kaggle_3m\TCGA_DU_A5TR_19970726\TCGA_DU_A5TR_19970726_21.tif,0.76062811183913,True,2389.0,2833.0,0.0038061111699789762,0.10436706990003586,0.02198557485241348,0.4887807071208954
TCGA_DU_A5TR_19970726,kaggle_3m\TCGA_DU_A5TR_19970726\TCGA_DU_A5TR_19970726_22.tif,0.8512415873787134,True,1990.0,2319.0,0.005149176809936762,0.16949093341827393,0.03935546724606387,0.4878028929233551
TCGA_DU_A5TR_19970726,kaggle_3m\TCGA_DU_A5TR_19970726\TCGA_DU_A5TR_19970726_23.tif,0.7053241961146376,True,818.0,1079.0,0.003150932490825653,0.25213614106178284,0.053479078288864,0.4554990828037262
TCGA_DU_A5TR_19970726,kaggle_3m\TCGA_DU_A5TR_19970726\TCGA_DU_A5TR_19970726_24.tif,0.38212094659227686,True,218.0,923.0,0.006512713152915239,1.9489368200302124,0.6516055238579601,0.5240043997764587
TCGA_DU_A5TR_19970726,kaggle_3m\TCGA_DU_A5TR_19970726\TCGA_DU_A5TR_19970726_25.tif,0.5584045584674638,True,203.0,499.0,0.0012360431719571352,0.39708492159843445,0.08865469638203727,0.4992545545101166
TCGA_DU_A5TR_19970726,kaggle_3m\TCGA_DU_A5TR_19970726\TCGA_DU_A5TR_19970726_26.tif,0.5660377361219888,True,45.0,114.0,0.0010280110873281956,1.4646029472351074,0.6310361090755126,0.6004565954208374
TCGA_DU_A5TR_19970726,kaggle_3m\TCGA_DU_A5TR_19970726\TCGA_DU_A5TR_19970726_27.tif,1.0,False,0.0,0.0,5.515893280971795e-05,3.614895820617676,0.0,0.0
TCGA_DU_A5TR_19970726,kaggle_3m\TCGA_DU_A5TR_19970726\TCGA_DU_A5TR_19970726_28.tif,1.0,False,0.0,0.0,5.3294988902052864e-05,3.4927403926849365,0.0,0.0
TCGA_DU_A5TR_19970726,kaggle_3m\TCGA_DU_A5TR_19970726\TCGA_DU_A5TR_19970726_29.tif,1.0,False,0.0,0.0,5.249460809864104e-05,3.440286636352539,0.0,0.0
TCGA_DU_A5TR_19970726,kaggle_3m\TCGA_DU_A5TR_19970726\TCGA_DU_A5TR_19970726_2.tif,1.0,False,0.0,0.0,3.407741314731538e-05,2.233297348022461,0.0,0.0
TCGA_DU_A5TR_19970726,kaggle_3m\TCGA_DU_A5TR_19970726\TCGA_DU_A5TR_19970726_30.tif,1.0,False,0.0,0.0,4.8488887841813266e-05,3.177767753601074,0.0,0.0
TCGA_DU_A5TR_19970726,kaggle_3m\TCGA_DU_A5TR_19970726\TCGA_DU_A5TR_19970726_31.tif,1.0,False,0.0,0.0,4.79581649415195e-05,3.142986297607422,0.0,0.0
TCGA_DU_A5TR_19970726,kaggle_3m\TCGA_DU_A5TR_19970726\TCGA_DU_A5TR_19970726_32.tif,1.0,False,0.0,0.0,4.606902439263649e-05,3.019179582595825,0.0,0.0
TCGA_DU_A5TR_19970726,kaggle_3m\TCGA_DU_A5TR_19970726\TCGA_DU_A5TR_19970726_33.tif,1.0,False,0.0,0.0,4.038903716718778e-05,2.6469359397888184,0.0,0.0
TCGA_DU_A5TR_19970726,kaggle_3m\TCGA_DU_A5TR_19970726\TCGA_DU_A5TR_19970726_34.tif,1.0,False,0.0,0.0,4.186866135569289e-05,2.7439045906066895,0.0,0.0
TCGA_DU_A5TR_19970726,kaggle_3m\TCGA_DU_A5TR_19970726\TCGA_DU_A5TR_19970726_35.tif,1.0,False,0.0,0.0,3.356672823429108e-05,2.1998291015625,0.0,0.0
TCGA_DU_A5TR_19970726,kaggle_3m\TCGA_DU_A5TR_19970726\TCGA_DU_A5TR_19970726_36.tif,1.0,False,0.0,0.0,3.418344203964807e-05,2.240246057510376,0.0,0.0
TCGA_DU_A5TR_19970726,kaggle_3m\TCGA_DU_A5TR_19970726\TCGA_DU_A5TR_19970726_37.tif,1.0,False,0.0,0.0,4.7533074393868446e-05,3.1151275634765625,0.0,0.0
TCGA_DU_A5TR_19970726,kaggle_3m\TCGA_DU_A5TR_19970726\TCGA_DU_A5TR_19970726_38.tif,1.0,False,0.0,0.0,4.537586937658489e-05,2.973752975463867,0.0,0.0
TCGA_DU_A5TR_19970726,kaggle_3m\TCGA_DU_A5TR_19970726\TCGA_DU_A5TR_19970726_3.tif,1.0,False,0.0,0.0,2.5358345737913623e-05,1.6618845462799072,0.0,0.0
TCGA_DU_A5TR_19970726,kaggle_3m\TCGA_DU_A5TR_19970726\TCGA_DU_A5TR_19970726_4.tif,1.0,False,0.0,0.0,2.4771054086158983e-05,1.6233958005905151,0.0,0.0
TCGA_DU_A5TR_19970726,kaggle_3m\TCGA_DU_A5TR_19970726\TCGA_DU_A5TR_19970726_5.tif,1.0,False,0.0,0.0,2.5538560294080526e-05,1.6736950874328613,0.0,0.0
TCGA_DU_A5TR_19970726,kaggle_3m\TCGA_DU_A5TR_19970726\TCGA_DU_A5TR_19970726_6.tif,1.0,False,0.0,0.0,2.3290765966521576e-05,1.526383638381958,0.0,0.0
TCGA_DU_A5TR_19970726,kaggle_3m\TCGA_DU_A5TR_19970726\TCGA_DU_A5TR_19970726_7.tif,1.0,False,0.0,0.0,2.800648144329898e-05,1.835432767868042,0.0,0.0
TCGA_DU_A5TR_19970726,kaggle_3m\TCGA_DU_A5TR_19970726\TCGA_DU_A5TR_19970726_8.tif,1.0,False,0.0,0.0,2.7911375582334585e-05,1.8291999101638794,0.0,0.0
TCGA_DU_A5TR_19970726,kaggle_3m\TCGA_DU_A5TR_19970726\TCGA_DU_A5TR_19970726_9.tif,1.0,False,0.0,0.0,2.9750935937045142e-05,1.9497573375701904,0.0,0.0
TCGA_DU_A5TS_19970726,kaggle_3m\TCGA_DU_A5TS_19970726\TCGA_DU_A5TS_19970726_10.tif,0.8295605858968336,True,741.0,761.0,0.0023315497674047947,0.20593051612377167,0.04906953986475071,0.4981565475463867
TCGA_DU_A5TS_19970726,kaggle_3m\TCGA_DU_A5TS_19970726\TCGA_DU_A5TS_19970726_11.tif,0.9167033935691185,True,1067.0,1202.0,0.0023031793534755707,0.14133067429065704,0.031455781234266955,0.49928921461105347
TCGA_DU_A5TS_19970726,kaggle_3m\TCGA_DU_A5TS_19970726\TCGA_DU_A5TS_19970726_12.tif,0.9126079447353158,True,1476.0,1419.0,0.003161192871630192,0.1402653604745865,0.0340448311312368,0.49434664845466614
TCGA_DU_A5TS_19970726,kaggle_3m\TCGA_DU_A5TS_19970726\TCGA_DU_A5TS_19970726_13.tif,0.9379498152122554,True,2609.0,2532.0,0.006612165831029415,0.166028693318367,0.038969030618411615,0.4571230113506317
TCGA_DU_A5TS_19970726,kaggle_3m\TCGA_DU_A5TS_19970726\TCGA_DU_A5TS_19970726_14.tif,0.9453019631358415,True,3258.0,3415.0,0.006439543794840574,0.129494309425354,0.029026625706774167,0.46574053168296814
TCGA_DU_A5TS_19970726,kaggle_3m\TCGA_DU_A5TS_19970726\TCGA_DU_A5TS_19970726_15.tif,0.9593435285346346,True,4008.0,4035.0,0.005282300058752298,0.08635091781616211,0.020555088572396962,0.49699652194976807
TCGA_DU_A5TS_19970726,kaggle_3m\TCGA_DU_A5TS_19970726\TCGA_DU_A5TS_19970726_16.tif,0.9436688709289288,True,4087.0,4079.0,0.005751497112214565,0.09220404177904129,0.021816997165906793,0.4752257764339447
TCGA_DU_A5TS_19970726,kaggle_3m\TCGA_DU_A5TS_19970726\TCGA_DU_A5TS_19970726_17.tif,0.9291255752803533,True,3832.0,3773.0,0.006011638790369034,0.10278600454330444,0.025439808509526762,0.48835548758506775
TCGA_DU_A5TS_19970726,kaggle_3m\TCGA_DU_A5TS_19970726\TCGA_DU_A5TS_19970726_18.tif,0.9418837675359021,True,3544.0,3442.0,0.005226739216595888,0.09662611782550812,0.02644408250519681,0.5050660967826843
TCGA_DU_A5TS_19970726,kaggle_3m\TCGA_DU_A5TS_19970726\TCGA_DU_A5TS_19970726_19.tif,0.8953488372110918,True,3157.0,2691.0,0.007125143893063068,0.14786365628242493,0.04155347090439965,0.507653534412384
TCGA_DU_A5TS_19970726,kaggle_3m\TCGA_DU_A5TS_19970726\TCGA_DU_A5TS_19970726_1.tif,1.0,False,0.0,0.0,4.3442290916573256e-05,2.847033977508545,0.0,0.0
TCGA_DU_A5TS_19970726,kaggle_3m\TCGA_DU_A5TS_19970726\TCGA_DU_A5TS_19970726_20.tif,0.8784383318571775,True,2446.0,2062.0,0.004185304045677185,0.11209157854318619,0.02566137023376236,0.4547770023345947
TCGA_DU_A5TS_19970726,kaggle_3m\TCGA_DU_A5TS_19970726\TCGA_DU_A5TS_19970726_21.tif,0.9210084033646635,True,1184.0,1196.0,0.0021252548322081566,0.11753645539283752,0.02759518098039415,0.4824710786342621
TCGA_DU_A5TS_19970726,kaggle_3m\TCGA_DU_A5TS_19970726\TCGA_DU_A5TS_19970726_22.tif,0.8548672566500116,True,617.0,513.0,0.001928986283019185,0.20455993711948395,0.036695886722646676,0.4518900215625763
TCGA_DU_A5TS_19970726,kaggle_3m\TCGA_DU_A5TS_19970726\TCGA_DU_A5TS_19970726_23.tif,1.0,False,0.0,0.0,5.3024694352643564e-05,3.4750263690948486,0.0,0.0
TCGA_DU_A5TS_19970726,kaggle_3m\TCGA_DU_A5TS_19970726\TCGA_DU_A5TS_19970726_24.tif,1.0,False,0.0,0.0,5.196996789891273e-05,3.4059038162231445,0.0,0.0
TCGA_DU_A5TS_19970726,kaggle_3m\TCGA_DU_A5TS_19970726\TCGA_DU_A5TS_19970726_25.tif,1.0,False,0.0,0.0,4.930290378979407e-05,3.2311151027679443,0.0,0.0
TCGA_DU_A5TS_19970726,kaggle_3m\TCGA_DU_A5TS_19970726\TCGA_DU_A5TS_19970726_26.tif,1.0,False,0.0,0.0,5.3423704230226576e-05,3.501175880432129,0.0,0.0
TCGA_DU_A5TS_19970726,kaggle_3m\TCGA_DU_A5TS_19970726\TCGA_DU_A5TS_19970726_27.tif,1.0,False,0.0,0.0,4.880213236901909e-05,3.198296546936035,0.0,0.0
TCGA_DU_A5TS_19970726,kaggle_3m\TCGA_DU_A5TS_19970726\TCGA_DU_A5TS_19970726_28.tif,1.0,False,0.0,0.0,4.7513312892988324e-05,3.113832473754883,0.0,0.0
TCGA_DU_A5TS_19970726,kaggle_3m\TCGA_DU_A5TS_19970726\TCGA_DU_A5TS_19970726_29.tif,1.0,False,0.0,0.0,3.252757960581221e-05,2.131727457046509,0.0,0.0
TCGA_DU_A5TS_19970726,kaggle_3m\TCGA_DU_A5TS_19970726\TCGA_DU_A5TS_19970726_2.tif,1.0,False,0.0,0.0,2.595693149487488e-05,1.7011134624481201,0.0,0.0
TCGA_DU_A5TS_19970726,kaggle_3m\TCGA_DU_A5TS_19970726\TCGA_DU_A5TS_19970726_30.tif,1.0,False,0.0,0.0,3.525933061609976e-05,2.310755491256714,0.0,0.0
TCGA_DU_A5TS_19970726,kaggle_3m\TCGA_DU_A5TS_19970726\TCGA_DU_A5TS_19970726_31.tif,1.0,False,0.0,0.0,3.73423972632736e-05,2.4472713470458984,0.0,0.0
TCGA_DU_A5TS_19970726,kaggle_3m\TCGA_DU_A5TS_19970726\TCGA_DU_A5TS_19970726_32.tif,1.0,False,0.0,0.0,5.450219759950414e-05,3.5718560218811035,0.0,0.0
TCGA_DU_A5TS_19970726,kaggle_3m\TCGA_DU_A5TS_19970726\TCGA_DU_A5TS_19970726_33.tif,1.0,False,0.0,0.0,4.600597094395198e-05,3.015047311782837,0.0,0.0
TCGA_DU_A5TS_19970726,kaggle_3m\TCGA_DU_A5TS_19970726\TCGA_DU_A5TS_19970726_34.tif,1.0,False,0.0,0.0,4.846046431339346e-05,3.1759049892425537,0.0,0.0
TCGA_DU_A5TS_19970726,kaggle_3m\TCGA_DU_A5TS_19970726\TCGA_DU_A5TS_19970726_35.tif,1.0,False,0.0,0.0,4.7783894842723384e-05,3.1315653324127197,0.0,0.0
TCGA_DU_A5TS_19970726,kaggle_3m\TCGA_DU_A5TS_19970726\TCGA_DU_A5TS_19970726_3.tif,1.0,False,0.0,0.0,2.8475755243562162e-05,1.8661870956420898,0.0,0.0
TCGA_DU_A5TS_19970726,kaggle_3m\TCGA_DU_A5TS_19970726\TCGA_DU_A5TS_19970726_4.tif,1.0,False,0.0,0.0,3.1743606086820364e-05,2.0803489685058594,0.0,0.0
TCGA_DU_A5TS_19970726,kaggle_3m\TCGA_DU_A5TS_19970726\TCGA_DU_A5TS_19970726_5.tif,1.0,False,0.0,0.0,3.675686821225099e-05,2.408898115158081,0.0,0.0
TCGA_DU_A5TS_19970726,kaggle_3m\TCGA_DU_A5TS_19970726\TCGA_DU_A5TS_19970726_6.tif,1.0,False,0.0,0.0,3.7496221921173856e-05,2.45735239982605,0.0,0.0
TCGA_DU_A5TS_19970726,kaggle_3m\TCGA_DU_A5TS_19970726\TCGA_DU_A5TS_19970726_7.tif,1.0,False,0.0,0.0,3.6578174331225455e-05,2.3971872329711914,0.0,0.0
TCGA_DU_A5TS_19970726,kaggle_3m\TCGA_DU_A5TS_19970726\TCGA_DU_A5TS_19970726_8.tif,1.0,False,0.0,0.0,3.9298021874856204e-05,2.575435161590576,0.0,0.0
TCGA_DU_A5TS_19970726,kaggle_3m\TCGA_DU_A5TS_19970726\TCGA_DU_A5TS_19970726_9.tif,0.6620278330355837,True,558.0,448.0,0.006452202331274748,0.7564427852630615,0.47384695436467683,0.5778447985649109
TCGA_DU_A5TU_19980312,kaggle_3m\TCGA_DU_A5TU_19980312\TCGA_DU_A5TU_19980312_10.tif,1.0,False,0.0,0.0,0.00016354332910850644,10.717975616455078,0.0,0.0
TCGA_DU_A5TU_19980312,kaggle_3m\TCGA_DU_A5TU_19980312\TCGA_DU_A5TU_19980312_11.tif,0.8656106285198972,True,935.0,1022.0,0.008870720863342285,0.6211020946502686,0.27237603148688583,0.4479510486125946
TCGA_DU_A5TU_19980312,kaggle_3m\TCGA_DU_A5TU_19980312\TCGA_DU_A5TU_19980312_12.tif,0.8722998729392535,True,1459.0,1689.0,0.011199768632650375,0.5027315616607666,0.13883122494054378,0.4326857030391693
TCGA_DU_A5TU_19980312,kaggle_3m\TCGA_DU_A5TU_19980312\TCGA_DU_A5TU_19980312_13.tif,0.8697894284514441,True,2169.0,2485.0,0.006503896787762642,0.19642367959022522,0.03803364714656543,0.4542648196220398
TCGA_DU_A5TU_19980312,kaggle_3m\TCGA_DU_A5TU_19980312\TCGA_DU_A5TU_19980312_14.tif,0.9077630511237792,True,3927.0,3467.0,0.010977728292346,0.18315590918064117,0.05189719775572377,0.5085170865058899
TCGA_DU_A5TU_19980312,kaggle_3m\TCGA_DU_A5TU_19980312\TCGA_DU_A5TU_19980312_15.tif,0.9114177609624814,True,4452.0,4534.0,0.016713369637727737,0.24597516655921936,0.073217738214429,0.5119508504867554
TCGA_DU_A5TU_19980312,kaggle_3m\TCGA_DU_A5TU_19980312\TCGA_DU_A5TU_19980312_16.tif,0.8556970032430166,True,5659.0,6988.0,0.019077980890870094,0.22090010344982147,0.050985257460786415,0.4723854660987854
TCGA_DU_A5TU_19980312,kaggle_3m\TCGA_DU_A5TU_19980312\TCGA_DU_A5TU_19980312_17.tif,0.9087023422815123,True,5566.0,6132.0,0.02812715247273445,0.3311192989349365,0.1018748874123393,0.5128882527351379
TCGA_DU_A5TU_19980312,kaggle_3m\TCGA_DU_A5TU_19980312\TCGA_DU_A5TU_19980312_18.tif,0.7061452514002962,True,3002.0,5053.0,0.01560087502002716,0.34046584367752075,0.09247555705523391,0.4971857964992523
TCGA_DU_A5TU_19980312,kaggle_3m\TCGA_DU_A5TU_19980312\TCGA_DU_A5TU_19980312_19.tif,0.6243747157884407,True,1546.0,2852.0,0.018920911476016045,0.8015519380569458,0.3501852613706211,0.5203344821929932
TCGA_DU_A5TU_19980312,kaggle_3m\TCGA_DU_A5TU_19980312\TCGA_DU_A5TU_19980312_1.tif,1.0,False,0.0,0.0,4.022036227979697e-05,2.6358816623687744,0.0,0.0
TCGA_DU_A5TU_19980312,kaggle_3m\TCGA_DU_A5TU_19980312\TCGA_DU_A5TU_19980312_20.tif,0.6479698618816254,True,923.0,1466.0,0.013764598406851292,0.9762735366821289,0.5909924112633174,0.5889760851860046
TCGA_DU_A5TU_19980312,kaggle_3m\TCGA_DU_A5TU_19980312\TCGA_DU_A5TU_19980312_21.tif,0.03480589035678636,True,13.0,734.0,0.007886586710810661,36.91823959350586,0.7087777010124094,0.47874629497528076
TCGA_DU_A5TU_19980312,kaggle_3m\TCGA_DU_A5TU_19980312\TCGA_DU_A5TU_19980312_22.tif,1.0,False,0.0,0.0,2.8999458663747646e-05,1.9005085229873657,0.0,0.0
TCGA_DU_A5TU_19980312,kaggle_3m\TCGA_DU_A5TU_19980312\TCGA_DU_A5TU_19980312_23.tif,1.0,False,0.0,0.0,2.7436864911578596e-05,1.7981023788452148,0.0,0.0
TCGA_DU_A5TU_19980312,kaggle_3m\TCGA_DU_A5TU_19980312\TCGA_DU_A5TU_19980312_2.tif,1.0,False,0.0,0.0,0.00012752805196214467,8.357678413391113,0.0,0.0
TCGA_DU_A5TU_19980312,kaggle_3m\TCGA_DU_A5TU_19980312\TCGA_DU_A5TU_19980312_3.tif,1.0,False,0.0,0.0,8.567641634726897e-05,5.614889621734619,0.0,0.0
TCGA_DU_A5TU_19980312,kaggle_3m\TCGA_DU_A5TU_19980312\TCGA_DU_A5TU_19980312_4.tif,1.0,False,0.0,0.0,8.518969116266817e-05,5.582991600036621,0.0,0.0
TCGA_DU_A5TU_19980312,kaggle_3m\TCGA_DU_A5TU_19980312\TCGA_DU_A5TU_19980312_5.tif,1.0,False,0.0,0.0,9.914784459397197e-05,6.497753143310547,0.0,0.0
TCGA_DU_A5TU_19980312,kaggle_3m\TCGA_DU_A5TU_19980312\TCGA_DU_A5TU_19980312_6.tif,1.0,False,0.0,0.0,7.94513980508782e-05,5.2069268226623535,0.0,0.0
TCGA_DU_A5TU_19980312,kaggle_3m\TCGA_DU_A5TU_19980312\TCGA_DU_A5TU_19980312_7.tif,1.0,False,0.0,0.0,7.504565292038023e-05,4.918191909790039,0.0,0.0
TCGA_DU_A5TU_19980312,kaggle_3m\TCGA_DU_A5TU_19980312\TCGA_DU_A5TU_19980312_8.tif,1.0,False,0.0,0.0,0.0006677586934529245,43.76223373413086,0.2499999995192308,0.25610584020614624
TCGA_DU_A5TU_19980312,kaggle_3m\TCGA_DU_A5TU_19980312\TCGA_DU_A5TU_19980312_9.tif,1.7543859618344105e-09,False,57.0,0.0,0.0010830244282260537,1.223742961883545,0.5713072301359379,0.5808882117271423
TCGA_EZ_7264_20010816,kaggle_3m\TCGA_EZ_7264_20010816\TCGA_EZ_7264_20010816_10.tif,1.0,False,0.0,0.0,3.216955519746989e-05,2.1082639694213867,0.0,0.0
TCGA_EZ_7264_20010816,kaggle_3m\TCGA_EZ_7264_20010816\TCGA_EZ_7264_20010816_11.tif,1.0,False,0.0,0.0,3.925209603039548e-05,2.572425365447998,0.0,0.0
TCGA_EZ_7264_20010816,kaggle_3m\TCGA_EZ_7264_20010816\TCGA_EZ_7264_20010816_12.tif,1.0,False,0.0,0.0,4.71337407361716e-05,3.088956832885742,0.0,0.0
TCGA_EZ_7264_20010816,kaggle_3m\TCGA_EZ_7264_20010816\TCGA_EZ_7264_20010816_13.tif,1.0,False,0.0,0.0,5.4351061407942325e-05,3.561951160430908,0.0,0.0
TCGA_EZ_7264_20010816,kaggle_3m\TCGA_EZ_7264_20010816\TCGA_EZ_7264_20010816_14.tif,1.0,False,0.0,0.0,5.104334559291601e-05,3.3451766967773438,0.0,0.0
TCGA_EZ_7264_20010816,kaggle_3m\TCGA_EZ_7264_20010816\TCGA_EZ_7264_20010816_15.tif,1.0,False,0.0,0.0,4.9778755055740476e-05,3.262300491333008,0.0,0.0
TCGA_EZ_7264_20010816,kaggle_3m\TCGA_EZ_7264_20010816\TCGA_EZ_7264_20010816_16.tif,0.9192863211623377,True,602.0,575.0,0.0015899394638836384,0.17279979586601257,0.037195965688740396,0.477309912443161
TCGA_EZ_7264_20010816,kaggle_3m\TCGA_EZ_7264_20010816\TCGA_EZ_7264_20010816_17.tif,0.9218106995911588,True,1373.0,1543.0,0.0019306739559397101,0.09208780527114868,0.018925581869848274,0.49181637167930603
TCGA_EZ_7264_20010816,kaggle_3m\TCGA_EZ_7264_20010816\TCGA_EZ_7264_20010816_18.tif,0.9229255493629739,True,1562.0,1487.0,0.0026224555913358927,0.10995857417583466,0.023765524496325185,0.4816812574863434
TCGA_EZ_7264_20010816,kaggle_3m\TCGA_EZ_7264_20010816\TCGA_EZ_7264_20010816_19.tif,0.8884448884486033,True,1385.0,1618.0,0.0025639012455940247,0.12123220413923264,0.02344564960612039,0.470486581325531
TCGA_EZ_7264_20010816,kaggle_3m\TCGA_EZ_7264_20010816\TCGA_EZ_7264_20010816_1.tif,1.0,False,0.0,0.0,2.554028651502449e-05,1.673808217048645,0.0,0.0
TCGA_EZ_7264_20010816,kaggle_3m\TCGA_EZ_7264_20010816\TCGA_EZ_7264_20010816_20.tif,0.930817610066001,True,1101.0,1125.0,0.0017154195811599493,0.10201609879732132,0.017650573197035224,0.47820553183555603
TCGA_EZ_7264_20010816,kaggle_3m\TCGA_EZ_7264_20010816\TCGA_EZ_7264_20010816_21.tif,0.823308270693298,True,535.0,529.0,0.006519573740661144,0.7971395254135132,0.3041660236771281,0.4544130861759186
TCGA_EZ_7264_20010816,kaggle_3m\TCGA_EZ_7264_20010816\TCGA_EZ_7264_20010816_22.tif,1.0,False,0.0,0.0,4.1094790503848344e-05,2.693188190460205,0.0,0.0
TCGA_EZ_7264_20010816,kaggle_3m\TCGA_EZ_7264_20010816\TCGA_EZ_7264_20010816_23.tif,1.0,False,0.0,0.0,3.385764284757897e-05,2.2188944816589355,0.0,0.0
TCGA_EZ_7264_20010816,kaggle_3m\TCGA_EZ_7264_20010816\TCGA_EZ_7264_20010816_24.tif,1.0,False,0.0,0.0,3.500853927107528e-05,2.2943196296691895,0.0,0.0
TCGA_EZ_7264_20010816,kaggle_3m\TCGA_EZ_7264_20010816\TCGA_EZ_7264_20010816_2.tif,1.0,False,0.0,0.0,2.6305018764105625e-05,1.7239257097244263,0.0,0.0
TCGA_EZ_7264_20010816,kaggle_3m\TCGA_EZ_7264_20010816\TCGA_EZ_7264_20010816_3.tif,1.0,False,0.0,0.0,2.8719861802528612e-05,1.8821848630905151,0.0,0.0
TCGA_EZ_7264_20010816,kaggle_3m\TCGA_EZ_7264_20010816\TCGA_EZ_7264_20010816_4.tif,1.0,False,0.0,0.0,2.8677637601504102e-05,1.8794176578521729,0.0,0.0
TCGA_EZ_7264_20010816,kaggle_3m\TCGA_EZ_7264_20010816\TCGA_EZ_7264_20010816_5.tif,1.0,False,0.0,0.0,2.9851045837858692e-05,1.9563181400299072,0.0,0.0
TCGA_EZ_7264_20010816,kaggle_3m\TCGA_EZ_7264_20010816\TCGA_EZ_7264_20010816_6.tif,1.0,False,0.0,0.0,3.094255589530803e-05,2.0278513431549072,0.0,0.0
TCGA_EZ_7264_20010816,kaggle_3m\TCGA_EZ_7264_20010816\TCGA_EZ_7264_20010816_7.tif,1.0,False,0.0,0.0,3.395310341147706e-05,2.2251505851745605,0.0,0.0
TCGA_EZ_7264_20010816,kaggle_3m\TCGA_EZ_7264_20010816\TCGA_EZ_7264_20010816_8.tif,1.0,False,0.0,0.0,3.967696102336049e-05,2.600269317626953,0.0,0.0
TCGA_EZ_7264_20010816,kaggle_3m\TCGA_EZ_7264_20010816\TCGA_EZ_7264_20010816_9.tif,1.0,False,0.0,0.0,3.581589771783911e-05,2.3472306728363037,0.0,0.0
TCGA_FG_5962_20000626,kaggle_3m\TCGA_FG_5962_20000626\TCGA_FG_5962_20000626_10.tif,1.0,False,0.0,0.0,7.27766819181852e-05,4.7694926261901855,0.0,0.0
TCGA_FG_5962_20000626,kaggle_3m\TCGA_FG_5962_20000626\TCGA_FG_5962_20000626_11.tif,1.0,False,0.0,0.0,6.939721788512543e-05,4.54801607131958,0.0,0.0
TCGA_FG_5962_20000626,kaggle_3m\TCGA_FG_5962_20000626\TCGA_FG_5962_20000626_12.tif,1.0,False,0.0,0.0,5.7439687225269154e-05,3.7643673419952393,0.0,0.0
TCGA_FG_5962_20000626,kaggle_3m\TCGA_FG_5962_20000626\TCGA_FG_5962_20000626_13.tif,1.0,False,0.0,0.0,4.6545439545297995e-05,3.0504019260406494,0.0,0.0
TCGA_FG_5962_20000626,kaggle_3m\TCGA_FG_5962_20000626\TCGA_FG_5962_20000626_14.tif,1.0,False,0.0,0.0,5.527627217816189e-05,3.6225857734680176,0.0,0.0
TCGA_FG_5962_20000626,kaggle_3m\TCGA_FG_5962_20000626\TCGA_FG_5962_20000626_15.tif,1.0,False,0.0,0.0,6.473741086665541e-05,4.242630958557129,0.0,0.0
TCGA_FG_5962_20000626,kaggle_3m\TCGA_FG_5962_20000626\TCGA_FG_5962_20000626_16.tif,1.0,False,0.0,0.0,5.723891081288457e-05,3.751209259033203,0.0,0.0
TCGA_FG_5962_20000626,kaggle_3m\TCGA_FG_5962_20000626\TCGA_FG_5962_20000626_17.tif,1.0,False,0.0,0.0,6.476466660387814e-05,4.244417190551758,0.0,0.0
TCGA_FG_5962_20000626,kaggle_3m\TCGA_FG_5962_20000626\TCGA_FG_5962_20000626_18.tif,1.0,False,0.0,0.0,7.299293793039396e-05,4.783665180206299,0.0,0.0
TCGA_FG_5962_20000626,kaggle_3m\TCGA_FG_5962_20000626\TCGA_FG_5962_20000626_19.tif,1.0,False,0.0,0.0,6.953053525649011e-05,4.556753158569336,0.0,0.0
TCGA_FG_5962_20000626,kaggle_3m\TCGA_FG_5962_20000626\TCGA_FG_5962_20000626_1.tif,1.0,False,0.0,0.0,6.005590330460109e-05,3.935823678970337,0.0,0.0
TCGA_FG_5962_20000626,kaggle_3m\TCGA_FG_5962_20000626\TCGA_FG_5962_20000626_20.tif,1.0,False,0.0,0.0,5.380333459470421e-05,3.526055335998535,0.0,0.0
TCGA_FG_5962_20000626,kaggle_3m\TCGA_FG_5962_20000626\TCGA_FG_5962_20000626_21.tif,0.5381165919800318,True,608.0,284.0,0.00383177911862731,0.4123472571372986,0.12124925851145829,0.4925057291984558
TCGA_FG_5962_20000626,kaggle_3m\TCGA_FG_5962_20000626\TCGA_FG_5962_20000626_22.tif,0.9021794222046539,True,1049.0,924.0,0.0034574265591800213,0.21579609811306,0.05891321021476337,0.522666335105896
TCGA_FG_5962_20000626,kaggle_3m\TCGA_FG_5962_20000626\TCGA_FG_5962_20000626_23.tif,0.893203883498721,True,1396.0,1591.0,0.0032130118925124407,0.15072867274284363,0.03799830244797653,0.49131155014038086
TCGA_FG_5962_20000626,kaggle_3m\TCGA_FG_5962_20000626\TCGA_FG_5962_20000626_24.tif,0.9397406559893278,True,1932.0,2001.0,0.0027435014490038157,0.09301505982875824,0.020351399716945662,0.4799361824989319
TCGA_FG_5962_20000626,kaggle_3m\TCGA_FG_5962_20000626\TCGA_FG_5962_20000626_25.tif,0.9350591385865865,True,2177.0,2304.0,0.003044781042262912,0.09161743521690369,0.020137712590688528,0.4830048680305481
TCGA_FG_5962_20000626,kaggle_3m\TCGA_FG_5962_20000626\TCGA_FG_5962_20000626_26.tif,0.9541569541578446,True,2539.0,2609.0,0.003105772193521261,0.08013381063938141,0.015612213892752913,0.4644709825515747
TCGA_FG_5962_20000626,kaggle_3m\TCGA_FG_5962_20000626\TCGA_FG_5962_20000626_27.tif,0.9409497108824084,True,2796.0,2911.0,0.003461454063653946,0.08110470324754715,0.016724938735353634,0.5049086213111877
TCGA_FG_5962_20000626,kaggle_3m\TCGA_FG_5962_20000626\TCGA_FG_5962_20000626_28.tif,0.9562356038177652,True,2963.0,3115.0,0.004157774616032839,0.09193114936351776,0.01961375277559152,0.4774111211299896
TCGA_FG_5962_20000626,kaggle_3m\TCGA_FG_5962_20000626\TCGA_FG_5962_20000626_29.tif,0.9605805706752337,True,2990.0,3073.0,0.0036376335192471743,0.07970443367958069,0.01655384727702114,0.4752100706100464
TCGA_FG_5962_20000626,kaggle_3m\TCGA_FG_5962_20000626\TCGA_FG_5962_20000626_2.tif,1.0,False,0.0,0.0,5.776644320576452e-05,3.7857816219329834,0.0,0.0
TCGA_FG_5962_20000626,kaggle_3m\TCGA_FG_5962_20000626\TCGA_FG_5962_20000626_30.tif,0.9514980963424682,True,3105.0,2936.0,0.0030072173103690147,0.06345170736312866,0.011325845446068294,0.4726531505584717
TCGA_FG_5962_20000626,kaggle_3m\TCGA_FG_5962_20000626\TCGA_FG_5962_20000626_31.tif,0.9597881846771507,True,3091.0,2952.0,0.003273481735959649,0.06938257068395615,0.015107247945533864,0.49238044023513794
TCGA_FG_5962_20000626,kaggle_3m\TCGA_FG_5962_20000626\TCGA_FG_5962_20000626_32.tif,0.9675020210191188,True,3115.0,3070.0,0.0031426292844116688,0.06609606742858887,0.013713666159417381,0.48236170411109924
TCGA_FG_5962_20000626,kaggle_3m\TCGA_FG_5962_20000626\TCGA_FG_5962_20000626_33.tif,0.9606035205371232,True,3060.0,2905.0,0.0033987490460276604,0.07276720553636551,0.014330612055002079,0.4844616949558258
TCGA_FG_5962_20000626,kaggle_3m\TCGA_FG_5962_20000626\TCGA_FG_5962_20000626_34.tif,0.9542317471857205,True,2854.0,2652.0,0.0031901535112410784,0.07322938740253448,0.013179757071154374,0.4728197753429413
TCGA_FG_5962_20000626,kaggle_3m\TCGA_FG_5962_20000626\TCGA_FG_5962_20000626_35.tif,0.9539246038981256,True,2812.0,2679.0,0.0031998988706618547,0.07454979419708252,0.01347427743614793,0.4897579550743103
TCGA_FG_5962_20000626,kaggle_3m\TCGA_FG_5962_20000626\TCGA_FG_5962_20000626_36.tif,0.9358949225654598,True,2630.0,2471.0,0.00437295064330101,0.10892652720212936,0.025393892238668614,0.48907455801963806
TCGA_FG_5962_20000626,kaggle_3m\TCGA_FG_5962_20000626\TCGA_FG_5962_20000626_37.tif,0.9423929098978182,True,2474.0,2265.0,0.0031576796900480986,0.08361280709505081,0.01622254256971456,0.48496004939079285
TCGA_FG_5962_20000626,kaggle_3m\TCGA_FG_5962_20000626\TCGA_FG_5962_20000626_38.tif,0.919081845584997,True,2264.0,2049.0,0.00320479110814631,0.09272811561822891,0.01932166518379763,0.48119020462036133
TCGA_FG_5962_20000626,kaggle_3m\TCGA_FG_5962_20000626\TCGA_FG_5962_20000626_39.tif,0.9463269849135215,True,2070.0,1973.0,0.003962300252169371,0.12538546323776245,0.029947552265682686,0.4584687054157257
TCGA_FG_5962_20000626,kaggle_3m\TCGA_FG_5962_20000626\TCGA_FG_5962_20000626_3.tif,1.0,False,0.0,0.0,6.998752360232174e-05,4.586702346801758,0.0,0.0
TCGA_FG_5962_20000626,kaggle_3m\TCGA_FG_5962_20000626\TCGA_FG_5962_20000626_40.tif,0.9454441588133263,True,1750.0,1751.0,0.0027518251445144415,0.1029946357011795,0.02109588626447656,0.4889875054359436
TCGA_FG_5962_20000626,kaggle_3m\TCGA_FG_5962_20000626\TCGA_FG_5962_20000626_41.tif,0.9289245982716648,True,1601.0,1635.0,0.002842538058757782,0.11628500372171402,0.023138420069516497,0.47995543479919434
TCGA_FG_5962_20000626,kaggle_3m\TCGA_FG_5962_20000626\TCGA_FG_5962_20000626_42.tif,0.7721720658644624,True,1128.0,755.0,0.004439163487404585,0.25768381357192993,0.06646061464249875,0.44506874680519104
TCGA_FG_5962_20000626,kaggle_3m\TCGA_FG_5962_20000626\TCGA_FG_5962_20000626_43.tif,0.80378548897137,True,777.0,808.0,0.003828410990536213,0.32249194383621216,0.08870851464972185,0.5048383474349976
TCGA_FG_5962_20000626,kaggle_3m\TCGA_FG_5962_20000626\TCGA_FG_5962_20000626_44.tif,0.8865384615493712,True,545.0,495.0,0.00495024723932147,0.5941747426986694,0.13219369095901645,0.46965476870536804
TCGA_FG_5962_20000626,kaggle_3m\TCGA_FG_5962_20000626\TCGA_FG_5962_20000626_45.tif,0.849449204424792,True,410.0,407.0,0.0049082934856414795,0.7826519012451172,0.15707081893961605,0.4062669277191162
TCGA_FG_5962_20000626,kaggle_3m\TCGA_FG_5962_20000626\TCGA_FG_5962_20000626_46.tif,3.184713374781938e-10,True,0.0,314.0,0.0005397923523560166,35.375831604003906,0.2499999995967741,0.30627769231796265
TCGA_FG_5962_20000626,kaggle_3m\TCGA_FG_5962_20000626\TCGA_FG_5962_20000626_47.tif,1.0,False,0.0,0.0,6.625923560932279e-05,4.342365264892578,0.0,0.0
TCGA_FG_5962_20000626,kaggle_3m\TCGA_FG_5962_20000626\TCGA_FG_5962_20000626_48.tif,1.0,False,0.0,0.0,5.9879679611185566e-05,3.9242746829986572,0.0,0.0
TCGA_FG_5962_20000626,kaggle_3m\TCGA_FG_5962_20000626\TCGA_FG_5962_20000626_49.tif,1.0,False,0.0,0.0,6.180303898872808e-05,4.050323963165283,0.0,0.0
TCGA_FG_5962_20000626,kaggle_3m\TCGA_FG_5962_20000626\TCGA_FG_5962_20000626_4.tif,1.0,False,0.0,0.0,0.0007168596494011581,46.9801139831543,0.24999999950980378,0.25589391589164734
TCGA_FG_5962_20000626,kaggle_3m\TCGA_FG_5962_20000626\TCGA_FG_5962_20000626_50.tif,1.0,False,0.0,0.0,6.007513002259657e-05,3.9370837211608887,0.0,0.0
TCGA_FG_5962_20000626,kaggle_3m\TCGA_FG_5962_20000626\TCGA_FG_5962_20000626_51.tif,1.0,False,0.0,0.0,6.609942647628486e-05,4.331892013549805,0.0,0.0
TCGA_FG_5962_20000626,kaggle_3m\TCGA_FG_5962_20000626\TCGA_FG_5962_20000626_5.tif,1.0,False,0.0,0.0,9.085697820410132e-05,5.954402923583984,0.0,0.0
TCGA_FG_5962_20000626,kaggle_3m\TCGA_FG_5962_20000626\TCGA_FG_5962_20000626_6.tif,1.0,False,0.0,0.0,5.9365786000853404e-05,3.8905961513519287,0.0,0.0
TCGA_FG_5962_20000626,kaggle_3m\TCGA_FG_5962_20000626\TCGA_FG_5962_20000626_7.tif,1.0,False,0.0,0.0,5.575160321313888e-05,3.6537370681762695,0.0,0.0
TCGA_FG_5962_20000626,kaggle_3m\TCGA_FG_5962_20000626\TCGA_FG_5962_20000626_8.tif,1.0,False,0.0,0.0,6.543378549395129e-05,4.288268566131592,0.0,0.0
TCGA_FG_5962_20000626,kaggle_3m\TCGA_FG_5962_20000626\TCGA_FG_5962_20000626_9.tif,1.0,False,0.0,0.0,6.495400884887204e-05,4.256825923919678,0.0,0.0
TCGA_FG_5964_20010511,kaggle_3m\TCGA_FG_5964_20010511\TCGA_FG_5964_20010511_10.tif,1.0,False,0.0,0.0,0.0001359304296784103,8.908336639404297,0.0,0.0
TCGA_FG_5964_20010511,kaggle_3m\TCGA_FG_5964_20010511\TCGA_FG_5964_20010511_11.tif,1.0,False,0.0,0.0,5.4294894653139636e-05,3.558270215988159,0.0,0.0
TCGA_FG_5964_20010511,kaggle_3m\TCGA_FG_5964_20010511\TCGA_FG_5964_20010511_12.tif,0.49318801096823056,True,181.0,553.0,0.0010295385727658868,0.3707244098186493,0.05742888828065118,0.47843268513679504
TCGA_FG_5964_20010511,kaggle_3m\TCGA_FG_5964_20010511\TCGA_FG_5964_20010511_13.tif,0.8331220954865602,True,1026.0,1341.0,0.006576400250196457,0.41966015100479126,0.1390599777567213,0.5137271881103516
TCGA_FG_5964_20010511,kaggle_3m\TCGA_FG_5964_20010511\TCGA_FG_5964_20010511_14.tif,0.883479648847427,True,1118.0,1388.0,0.004182906821370125,0.24497853219509125,0.07105308850052128,0.5406800508499146
TCGA_FG_5964_20010511,kaggle_3m\TCGA_FG_5964_20010511\TCGA_FG_5964_20010511_15.tif,0.9620758483049071,True,1225.0,1280.0,0.001681241556070745,0.08987100422382355,0.016713286735522526,0.4952402412891388
TCGA_FG_5964_20010511,kaggle_3m\TCGA_FG_5964_20010511\TCGA_FG_5964_20010511_16.tif,0.9039780521327861,True,746.0,712.0,0.0018932890379801393,0.16610252857208252,0.03370470418626492,0.4811655580997467
TCGA_FG_5964_20010511,kaggle_3m\TCGA_FG_5964_20010511\TCGA_FG_5964_20010511_17.tif,0.9310344827694303,True,321.0,317.0,0.0010465476661920547,0.21300169825553894,0.043889198901762905,0.48986589908599854
TCGA_FG_5964_20010511,kaggle_3m\TCGA_FG_5964_20010511\TCGA_FG_5964_20010511_18.tif,1.0,False,0.0,0.0,8.10031415312551e-05,5.308621883392334,0.0,0.0
TCGA_FG_5964_20010511,kaggle_3m\TCGA_FG_5964_20010511\TCGA_FG_5964_20010511_19.tif,1.0,False,0.0,0.0,6.77698481013067e-05,4.441364765167236,0.0,0.0
TCGA_FG_5964_20010511,kaggle_3m\TCGA_FG_5964_20010511\TCGA_FG_5964_20010511_1.tif,1.0,False,0.0,0.0,4.7734982217662036e-05,3.128359794616699,0.0,0.0
TCGA_FG_5964_20010511,kaggle_3m\TCGA_FG_5964_20010511\TCGA_FG_5964_20010511_20.tif,1.0,False,0.0,0.0,7.299389108084142e-05,4.783727645874023,0.0,0.0
TCGA_FG_5964_20010511,kaggle_3m\TCGA_FG_5964_20010511\TCGA_FG_5964_20010511_21.tif,1.0,False,0.0,0.0,6.052302705938928e-05,3.9664371013641357,0.0,0.0
TCGA_FG_5964_20010511,kaggle_3m\TCGA_FG_5964_20010511\TCGA_FG_5964_20010511_22.tif,1.0,False,0.0,0.0,3.536947406246327e-05,2.3179738521575928,0.0,0.0
TCGA_FG_5964_20010511,kaggle_3m\TCGA_FG_5964_20010511\TCGA_FG_5964_20010511_23.tif,1.0,False,0.0,0.0,2.9681817977689207e-05,1.9452276229858398,0.0,0.0
TCGA_FG_5964_20010511,kaggle_3m\TCGA_FG_5964_20010511\TCGA_FG_5964_20010511_24.tif,1.0,False,0.0,0.0,2.965587736980524e-05,1.9435275793075562,0.0,0.0
TCGA_FG_5964_20010511,kaggle_3m\TCGA_FG_5964_20010511\TCGA_FG_5964_20010511_25.tif,1.0,False,0.0,0.0,3.445884431130253e-05,2.2582948207855225,0.0,0.0
TCGA_FG_5964_20010511,kaggle_3m\TCGA_FG_5964_20010511\TCGA_FG_5964_20010511_26.tif,1.0,False,0.0,0.0,3.9409198507200927e-05,2.58272123336792,0.0,0.0
TCGA_FG_5964_20010511,kaggle_3m\TCGA_FG_5964_20010511\TCGA_FG_5964_20010511_2.tif,1.0,False,0.0,0.0,6.86162238707766e-05,4.496832847595215,0.0,0.0
TCGA_FG_5964_20010511,kaggle_3m\TCGA_FG_5964_20010511\TCGA_FG_5964_20010511_3.tif,1.0,False,0.0,0.0,5.4871623433427885e-05,3.59606671333313,0.0,0.0
TCGA_FG_5964_20010511,kaggle_3m\TCGA_FG_5964_20010511\TCGA_FG_5964_20010511_4.tif,1.0,False,0.0,0.0,4.835432628169656e-05,3.1689491271972656,0.0,0.0
TCGA_FG_5964_20010511,kaggle_3m\TCGA_FG_5964_20010511\TCGA_FG_5964_20010511_5.tif,1.0,False,0.0,0.0,5.28155142092146e-05,3.461317539215088,0.0,0.0
TCGA_FG_5964_20010511,kaggle_3m\TCGA_FG_5964_20010511\TCGA_FG_5964_20010511_6.tif,1.0,False,0.0,0.0,5.9961465012747794e-05,3.9296345710754395,0.0,0.0
TCGA_FG_5964_20010511,kaggle_3m\TCGA_FG_5964_20010511\TCGA_FG_5964_20010511_7.tif,1.0,False,0.0,0.0,6.522870535263792e-05,4.2748284339904785,0.0,0.0
TCGA_FG_5964_20010511,kaggle_3m\TCGA_FG_5964_20010511\TCGA_FG_5964_20010511_8.tif,1.0,False,0.0,0.0,6.231411680346355e-05,4.083817958831787,0.0,0.0
TCGA_FG_5964_20010511,kaggle_3m\TCGA_FG_5964_20010511\TCGA_FG_5964_20010511_9.tif,1.0,False,0.0,0.0,8.041692490223795e-05,5.270203590393066,0.0,0.0
TCGA_FG_6692_20020606,kaggle_3m\TCGA_FG_6692_20020606\TCGA_FG_6692_20020606_10.tif,1.0,False,0.0,0.0,6.752592162229121e-05,4.425378799438477,0.0,0.0
TCGA_FG_6692_20020606,kaggle_3m\TCGA_FG_6692_20020606\TCGA_FG_6692_20020606_11.tif,1.0,False,0.0,0.0,5.533226430998184e-05,3.6262552738189697,0.0,0.0
TCGA_FG_6692_20020606,kaggle_3m\TCGA_FG_6692_20020606\TCGA_FG_6692_20020606_12.tif,1.0,False,0.0,0.0,5.724814036511816e-05,3.751814126968384,0.0,0.0
TCGA_FG_6692_20020606,kaggle_3m\TCGA_FG_6692_20020606\TCGA_FG_6692_20020606_13.tif,1.0,False,0.0,0.0,7.013650611042976e-05,4.596466064453125,0.0,0.0
TCGA_FG_6692_20020606,kaggle_3m\TCGA_FG_6692_20020606\TCGA_FG_6692_20020606_14.tif,1.0,False,0.0,0.0,7.26298094377853e-05,4.759867191314697,0.0,0.0
TCGA_FG_6692_20020606,kaggle_3m\TCGA_FG_6692_20020606\TCGA_FG_6692_20020606_15.tif,0.30672926458423644,True,101.0,538.0,0.007113570813089609,4.5705389976501465,0.7533999473459307,0.6338692903518677
TCGA_FG_6692_20020606,kaggle_3m\TCGA_FG_6692_20020606\TCGA_FG_6692_20020606_16.tif,0.930493273546497,True,888.0,896.0,0.0033233212307095528,0.24499119818210602,0.06561563080890409,0.5398476719856262
TCGA_FG_6692_20020606,kaggle_3m\TCGA_FG_6692_20020606\TCGA_FG_6692_20020606_17.tif,0.8839662447318584,True,985.0,911.0,0.0026271084789186716,0.1746147871017456,0.033356306898243426,0.458992600440979
TCGA_FG_6692_20020606,kaggle_3m\TCGA_FG_6692_20020606\TCGA_FG_6692_20020606_18.tif,0.9002217294937095,True,1403.0,1303.0,0.0029727243818342686,0.1387610137462616,0.030157565529410735,0.48012039065361023
TCGA_FG_6692_20020606,kaggle_3m\TCGA_FG_6692_20020606\TCGA_FG_6692_20020606_19.tif,0.9075400887100805,True,1375.0,1556.0,0.003252558410167694,0.1549125462770462,0.03414899133311056,0.4731108248233795
TCGA_FG_6692_20020606,kaggle_3m\TCGA_FG_6692_20020606\TCGA_FG_6692_20020606_1.tif,1.0,False,0.0,0.0,6.028437564964406e-05,3.9507968425750732,0.0,0.0
TCGA_FG_6692_20020606,kaggle_3m\TCGA_FG_6692_20020606\TCGA_FG_6692_20020606_20.tif,0.8566259611100577,True,969.0,1242.0,0.0047651492059230804,0.32194724678993225,0.0979075485990405,0.5139509439468384
TCGA_FG_6692_20020606,kaggle_3m\TCGA_FG_6692_20020606\TCGA_FG_6692_20020606_21.tif,0.7157894737114077,True,376.0,669.0,0.0061406721360981464,1.0674670934677124,0.517062853070033,0.5454847812652588
TCGA_FG_6692_20020606,kaggle_3m\TCGA_FG_6692_20020606\TCGA_FG_6692_20020606_22.tif,1.0,False,0.0,0.0,6.695548654533923e-05,4.387994766235352,0.0,0.0
TCGA_FG_6692_20020606,kaggle_3m\TCGA_FG_6692_20020606\TCGA_FG_6692_20020606_23.tif,1.0,False,0.0,0.0,6.63236205582507e-05,4.346584796905518,0.0,0.0
TCGA_FG_6692_20020606,kaggle_3m\TCGA_FG_6692_20020606\TCGA_FG_6692_20020606_24.tif,1.0,False,0.0,0.0,5.528244946617633e-05,3.622990608215332,0.0,0.0
TCGA_FG_6692_20020606,kaggle_3m\TCGA_FG_6692_20020606\TCGA_FG_6692_20020606_25.tif,1.0,False,0.0,0.0,3.531584661686793e-05,2.3144593238830566,0.0,0.0
TCGA_FG_6692_20020606,kaggle_3m\TCGA_FG_6692_20020606\TCGA_FG_6692_20020606_26.tif,1.0,False,0.0,0.0,2.92530057777185e-05,1.9171249866485596,0.0,0.0
TCGA_FG_6692_20020606,kaggle_3m\TCGA_FG_6692_20020606\TCGA_FG_6692_20020606_2.tif,1.0,False,0.0,0.0,4.436313611222431e-05,2.9073824882507324,0.0,0.0
TCGA_FG_6692_20020606,kaggle_3m\TCGA_FG_6692_20020606\TCGA_FG_6692_20020606_3.tif,1.0,False,0.0,0.0,4.2240615584887564e-05,2.7682809829711914,0.0,0.0
TCGA_FG_6692_20020606,kaggle_3m\TCGA_FG_6692_20020606\TCGA_FG_6692_20020606_4.tif,1.0,False,0.0,0.0,5.162380693946034e-05,3.3832178115844727,0.0,0.0
TCGA_FG_6692_20020606,kaggle_3m\TCGA_FG_6692_20020606\TCGA_FG_6692_20020606_5.tif,1.0,False,0.0,0.0,4.899418127024546e-05,3.2108826637268066,0.0,0.0
TCGA_FG_6692_20020606,kaggle_3m\TCGA_FG_6692_20020606\TCGA_FG_6692_20020606_6.tif,1.0,False,0.0,0.0,5.1094451919198036e-05,3.3485260009765625,0.0,0.0
TCGA_FG_6692_20020606,kaggle_3m\TCGA_FG_6692_20020606\TCGA_FG_6692_20020606_7.tif,1.0,False,0.0,0.0,6.138243043096736e-05,4.022758960723877,0.0,0.0
TCGA_FG_6692_20020606,kaggle_3m\TCGA_FG_6692_20020606\TCGA_FG_6692_20020606_8.tif,1.0,False,0.0,0.0,7.148189615691081e-05,4.684637546539307,0.0,0.0
TCGA_FG_6692_20020606,kaggle_3m\TCGA_FG_6692_20020606\TCGA_FG_6692_20020606_9.tif,1.0,False,0.0,0.0,7.68625977798365e-05,5.037267208099365,0.0,0.0
TCGA_FG_7637_20000922,kaggle_3m\TCGA_FG_7637_20000922\TCGA_FG_7637_20000922_10.tif,1.0,False,0.0,0.0,8.450444147456437e-05,5.538083076477051,0.0,0.0
TCGA_FG_7637_20000922,kaggle_3m\TCGA_FG_7637_20000922\TCGA_FG_7637_20000922_11.tif,1.0,False,0.0,0.0,7.511202420573682e-05,4.922541618347168,0.0,0.0
TCGA_FG_7637_20000922,kaggle_3m\TCGA_FG_7637_20000922\TCGA_FG_7637_20000922_12.tif,1.0,False,0.0,0.0,6.734952330589294e-05,4.413818359375,0.0,0.0
TCGA_FG_7637_20000922,kaggle_3m\TCGA_FG_7637_20000922\TCGA_FG_7637_20000922_13.tif,1.0,False,0.0,0.0,7.662668940611184e-05,5.021806716918945,0.0,0.0
TCGA_FG_7637_20000922,kaggle_3m\TCGA_FG_7637_20000922\TCGA_FG_7637_20000922_14.tif,2.9069767433409947e-10,True,0.0,344.0,8.574104140279815e-05,5.619124889373779,0.0,0.0
TCGA_FG_7637_20000922,kaggle_3m\TCGA_FG_7637_20000922\TCGA_FG_7637_20000922_15.tif,0.19722222233371914,True,71.0,649.0,0.006835451349616051,6.221779823303223,0.7101619627321446,0.5488359332084656
TCGA_FG_7637_20000922,kaggle_3m\TCGA_FG_7637_20000922\TCGA_FG_7637_20000922_16.tif,0.0579374276873769,True,25.0,838.0,0.00953836552798748,24.042551040649414,0.826180981974412,0.5211649537086487
TCGA_FG_7637_20000922,kaggle_3m\TCGA_FG_7637_20000922\TCGA_FG_7637_20000922_17.tif,0.9172084958856866,True,1175.0,1132.0,0.015431985259056091,0.8599919676780701,0.3610299871989936,0.4703953266143799
TCGA_FG_7637_20000922,kaggle_3m\TCGA_FG_7637_20000922\TCGA_FG_7637_20000922_18.tif,0.9614210380249397,True,1828.0,1775.0,0.01534522045403719,0.5498438477516174,0.19234773559525364,0.455918550491333
TCGA_FG_7637_20000922,kaggle_3m\TCGA_FG_7637_20000922\TCGA_FG_7637_20000922_19.tif,0.9707486365897187,True,2010.0,2024.0,0.007547599263489246,0.24596691131591797,0.05949722276515412,0.44832196831703186
TCGA_FG_7637_20000922,kaggle_3m\TCGA_FG_7637_20000922\TCGA_FG_7637_20000922_1.tif,1.0,False,0.0,0.0,5.835944466525689e-05,3.8246445655822754,0.0,0.0
TCGA_FG_7637_20000922,kaggle_3m\TCGA_FG_7637_20000922\TCGA_FG_7637_20000922_20.tif,0.9127192982475281,True,2099.0,2461.0,0.0045407116413116455,0.14170479774475098,0.02387895312788113,0.42457202076911926
TCGA_FG_7637_20000922,kaggle_3m\TCGA_FG_7637_20000922\TCGA_FG_7637_20000922_21.tif,0.8648533786684052,True,2047.0,2659.0,0.0035151676274836063,0.1124853640794754,0.018664657460205514,0.46785569190979004
TCGA_FG_7637_20000922,kaggle_3m\TCGA_FG_7637_20000922\TCGA_FG_7637_20000922_22.tif,0.9591025940649894,True,2166.0,2113.0,0.003872436936944723,0.11711306869983673,0.020120857832474415,0.4640718400478363
TCGA_FG_7637_20000922,kaggle_3m\TCGA_FG_7637_20000922\TCGA_FG_7637_20000922_23.tif,0.9645824223881814,True,2302.0,2272.0,0.0034208535216748714,0.09734652936458588,0.01712377926957631,0.4496702253818512
TCGA_FG_7637_20000922,kaggle_3m\TCGA_FG_7637_20000922\TCGA_FG_7637_20000922_24.tif,0.9609031988300041,True,2344.0,2439.0,0.004675989504903555,0.13068044185638428,0.026331161224197985,0.440418004989624
TCGA_FG_7637_20000922,kaggle_3m\TCGA_FG_7637_20000922\TCGA_FG_7637_20000922_25.tif,0.9661354581680053,True,2498.0,2522.0,0.004294990096241236,0.11263564229011536,0.02532994446961412,0.4838469624519348
TCGA_FG_7637_20000922,kaggle_3m\TCGA_FG_7637_20000922\TCGA_FG_7637_20000922_26.tif,0.9480360065477079,True,2476.0,2412.0,0.004361969418823719,0.11540816724300385,0.023642137490996862,0.4626244902610779
TCGA_FG_7637_20000922,kaggle_3m\TCGA_FG_7637_20000922\TCGA_FG_7637_20000922_27.tif,0.9558920342340159,True,2247.0,2310.0,0.005437386222183704,0.15851625800132751,0.03989698459516977,0.4840114712715149
TCGA_FG_7637_20000922,kaggle_3m\TCGA_FG_7637_20000922\TCGA_FG_7637_20000922_28.tif,0.9520174482019624,True,1830.0,1838.0,0.004166455939412117,0.14912772178649902,0.03231844837643627,0.4804822504520416
TCGA_FG_7637_20000922,kaggle_3m\TCGA_FG_7637_20000922\TCGA_FG_7637_20000922_29.tif,0.9188790560501888,True,1351.0,1361.0,0.00445140153169632,0.21577444672584534,0.0500856282037806,0.48195046186447144
TCGA_FG_7637_20000922,kaggle_3m\TCGA_FG_7637_20000922\TCGA_FG_7637_20000922_2.tif,1.0,False,0.0,0.0,7.446377276210114e-05,4.8800578117370605,0.0,0.0
TCGA_FG_7637_20000922,kaggle_3m\TCGA_FG_7637_20000922\TCGA_FG_7637_20000922_30.tif,0.735408560362761,True,201.0,313.0,0.0028336672112345695,0.9193426370620728,0.28162138064628917,0.5335935950279236
TCGA_FG_7637_20000922,kaggle_3m\TCGA_FG_7637_20000922\TCGA_FG_7637_20000922_31.tif,1.4925373112051683e-09,True,0.0,67.0,0.00013418396702036262,8.793880462646484,0.0,0.0
TCGA_FG_7637_20000922,kaggle_3m\TCGA_FG_7637_20000922\TCGA_FG_7637_20000922_32.tif,1.0,False,0.0,0.0,0.0001586222497280687,10.395467758178711,0.0,0.0
TCGA_FG_7637_20000922,kaggle_3m\TCGA_FG_7637_20000922\TCGA_FG_7637_20000922_33.tif,1.0,False,0.0,0.0,8.697498560650274e-05,5.699992656707764,0.0,0.0
TCGA_FG_7637_20000922,kaggle_3m\TCGA_FG_7637_20000922\TCGA_FG_7637_20000922_34.tif,1.0,False,0.0,0.0,0.0001033073931466788,6.770353317260742,0.0,0.0
TCGA_FG_7637_20000922,kaggle_3m\TCGA_FG_7637_20000922\TCGA_FG_7637_20000922_35.tif,1.0,False,0.0,0.0,0.00014300522161647677,9.371990203857422,0.0,0.0
TCGA_FG_7637_20000922,kaggle_3m\TCGA_FG_7637_20000922\TCGA_FG_7637_20000922_36.tif,1.0,False,0.0,0.0,0.00012404948938637972,8.129707336425781,0.0,0.0
TCGA_FG_7637_20000922,kaggle_3m\TCGA_FG_7637_20000922\TCGA_FG_7637_20000922_37.tif,1.0,False,0.0,0.0,0.0001296348636969924,8.495750427246094,0.0,0.0
TCGA_FG_7637_20000922,kaggle_3m\TCGA_FG_7637_20000922\TCGA_FG_7637_20000922_38.tif,1.0,False,0.0,0.0,0.00013684516306966543,8.968284606933594,0.0,0.0
TCGA_FG_7637_20000922,kaggle_3m\TCGA_FG_7637_20000922\TCGA_FG_7637_20000922_39.tif,1.0,False,0.0,0.0,0.00015634373994544148,10.246143341064453,0.0,0.0
TCGA_FG_7637_20000922,kaggle_3m\TCGA_FG_7637_20000922\TCGA_FG_7637_20000922_3.tif,1.0,False,0.0,0.0,0.0001648051547817886,10.800670623779297,0.0,0.21279755234718323
TCGA_FG_7637_20000922,kaggle_3m\TCGA_FG_7637_20000922\TCGA_FG_7637_20000922_40.tif,1.0,False,0.0,0.0,0.000165027697221376,10.815255165100098,0.0,0.0
TCGA_FG_7637_20000922,kaggle_3m\TCGA_FG_7637_20000922\TCGA_FG_7637_20000922_41.tif,1.0,False,0.0,0.0,0.0001453051227144897,9.522716522216797,0.0,0.0
TCGA_FG_7637_20000922,kaggle_3m\TCGA_FG_7637_20000922\TCGA_FG_7637_20000922_42.tif,1.0,False,0.0,0.0,0.0001559373631607741,10.219511032104492,0.0,0.0
TCGA_FG_7637_20000922,kaggle_3m\TCGA_FG_7637_20000922\TCGA_FG_7637_20000922_43.tif,1.0,False,0.0,0.0,0.0003048442304134369,19.978271484375,0.0,0.0
TCGA_FG_7637_20000922,kaggle_3m\TCGA_FG_7637_20000922\TCGA_FG_7637_20000922_44.tif,1.0,False,0.0,0.0,0.00018906501645687968,12.390564918518066,0.0,0.0
TCGA_FG_7637_20000922,kaggle_3m\TCGA_FG_7637_20000922\TCGA_FG_7637_20000922_45.tif,1.0,False,0.0,0.0,0.00018235904281027615,11.951082229614258,0.0,0.0
TCGA_FG_7637_20000922,kaggle_3m\TCGA_FG_7637_20000922\TCGA_FG_7637_20000922_46.tif,1.0,False,0.0,0.0,0.00018507963977754116,12.129379272460938,0.0,0.0
TCGA_FG_7637_20000922,kaggle_3m\TCGA_FG_7637_20000922\TCGA_FG_7637_20000922_47.tif,1.0,False,0.0,0.0,0.00014258758164942265,9.344619750976562,0.0,0.0
TCGA_FG_7637_20000922,kaggle_3m\TCGA_FG_7637_20000922\TCGA_FG_7637_20000922_48.tif,1.0,False,0.0,0.0,0.00010477501928107813,6.866535663604736,0.0,0.0
TCGA_FG_7637_20000922,kaggle_3m\TCGA_FG_7637_20000922\TCGA_FG_7637_20000922_49.tif,1.0,False,0.0,0.0,0.00010567749268375337,6.925680160522461,0.0,0.0
TCGA_FG_7637_20000922,kaggle_3m\TCGA_FG_7637_20000922\TCGA_FG_7637_20000922_4.tif,1.0,False,0.0,0.0,0.00022260774858295918,14.588821411132812,0.0,0.2131108045578003
TCGA_FG_7637_20000922,kaggle_3m\TCGA_FG_7637_20000922\TCGA_FG_7637_20000922_50.tif,1.0,False,0.0,0.0,8.455423812847584e-05,5.541346549987793,0.0,0.0
TCGA_FG_7637_20000922,kaggle_3m\TCGA_FG_7637_20000922\TCGA_FG_7637_20000922_51.tif,1.0,False,0.0,0.0,0.011979058384895325,785.0595703125,0.24999999998754352,0.3572211265563965
TCGA_FG_7637_20000922,kaggle_3m\TCGA_FG_7637_20000922\TCGA_FG_7637_20000922_5.tif,1.0,False,0.0,0.0,0.003965647891163826,259.8927001953125,0.46089511719556453,0.35709062218666077
TCGA_FG_7637_20000922,kaggle_3m\TCGA_FG_7637_20000922\TCGA_FG_7637_20000922_6.tif,1.0,False,0.0,0.0,8.601645095041022e-05,5.637174129486084,0.0,0.0
TCGA_FG_7637_20000922,kaggle_3m\TCGA_FG_7637_20000922\TCGA_FG_7637_20000922_7.tif,1.0,False,0.0,0.0,0.00011158049164805561,7.312539100646973,0.0,0.0
TCGA_FG_7637_20000922,kaggle_3m\TCGA_FG_7637_20000922\TCGA_FG_7637_20000922_8.tif,1.0,False,0.0,0.0,8.288665412692353e-05,5.4320597648620605,0.0,0.0
TCGA_FG_7637_20000922,kaggle_3m\TCGA_FG_7637_20000922\TCGA_FG_7637_20000922_9.tif,1.0,False,0.0,0.0,9.195420716423541e-05,6.026310920715332,0.0,0.0
TCGA_HT_7473_19970826,kaggle_3m\TCGA_HT_7473_19970826\TCGA_HT_7473_19970826_10.tif,0.8086956521877757,True,805.0,575.0,0.005401387810707092,0.43918779492378235,0.13443304176376858,0.5037486553192139
TCGA_HT_7473_19970826,kaggle_3m\TCGA_HT_7473_19970826\TCGA_HT_7473_19970826_11.tif,0.6888788833998705,True,1293.0,928.0,0.005820608697831631,0.2947908937931061,0.09044612215278458,0.5320156216621399
TCGA_HT_7473_19970826,kaggle_3m\TCGA_HT_7473_19970826\TCGA_HT_7473_19970826_12.tif,0.9130706691695892,True,3424.0,2972.0,0.005676747299730778,0.10862228274345398,0.02510013370094344,0.48060551285743713
TCGA_HT_7473_19970826,kaggle_3m\TCGA_HT_7473_19970826\TCGA_HT_7473_19970826_13.tif,0.8336228785268793,True,3819.0,3664.0,0.006500561721622944,0.11152376979589462,0.02818885092770107,0.49170711636543274
TCGA_HT_7473_19970826,kaggle_3m\TCGA_HT_7473_19970826\TCGA_HT_7473_19970826_14.tif,0.9525441885382695,True,4714.0,4621.0,0.006031114608049393,0.08382929861545563,0.019603392297182998,0.48858946561813354
TCGA_HT_7473_19970826,kaggle_3m\TCGA_HT_7473_19970826\TCGA_HT_7473_19970826_15.tif,0.9545028630926132,True,4748.0,4857.0,0.005674831569194794,0.07831243425607681,0.019154035865004526,0.49931755661964417
TCGA_HT_7473_19970826,kaggle_3m\TCGA_HT_7473_19970826\TCGA_HT_7473_19970826_16.tif,0.9208222681231354,True,4765.0,5402.0,0.008398117497563362,0.11548028141260147,0.028249622893243065,0.5018287897109985
TCGA_HT_7473_19970826,kaggle_3m\TCGA_HT_7473_19970826\TCGA_HT_7473_19970826_17.tif,0.9498470948017345,True,4832.0,4978.0,0.007238805294036865,0.09815897792577744,0.021379712413104324,0.487799733877182
TCGA_HT_7473_19970826,kaggle_3m\TCGA_HT_7473_19970826\TCGA_HT_7473_19970826_18.tif,0.9075947959534348,True,4277.0,4716.0,0.008259551599621773,0.12653061747550964,0.029971836842881627,0.473307728767395
TCGA_HT_7473_19970826,kaggle_3m\TCGA_HT_7473_19970826\TCGA_HT_7473_19970826_19.tif,0.7079849155647158,True,3617.0,2482.0,0.00934460386633873,0.1692669838666916,0.04309260349634836,0.5027483701705933
TCGA_HT_7473_19970826,kaggle_3m\TCGA_HT_7473_19970826\TCGA_HT_7473_19970826_1.tif,1.0,False,0.0,0.0,1.7701460819807835e-05,1.1600829362869263,0.0,0.0
TCGA_HT_7473_19970826,kaggle_3m\TCGA_HT_7473_19970826\TCGA_HT_7473_19970826_20.tif,0.7929170549898804,True,2918.0,2447.0,0.008294924162328243,0.18623369932174683,0.04332438942528338,0.4843350648880005
TCGA_HT_7473_19970826,kaggle_3m\TCGA_HT_7473_19970826\TCGA_HT_7473_19970826_21.tif,0.8230593607356432,True,1575.0,1929.0,0.008602083660662174,0.3577069640159607,0.10264170686353258,0.4851703345775604
TCGA_HT_7473_19970826,kaggle_3m\TCGA_HT_7473_19970826\TCGA_HT_7473_19970826_22.tif,0.8390325271126342,True,1020.0,1378.0,0.004114543553441763,0.26410454511642456,0.059423006857580396,0.4767022728919983
TCGA_HT_7473_19970826,kaggle_3m\TCGA_HT_7473_19970826\TCGA_HT_7473_19970826_23.tif,0.8535745047436015,True,1011.0,1311.0,0.0048226406797766685,0.3123088777065277,0.07296614446046246,0.48037582635879517
TCGA_HT_7473_19970826,kaggle_3m\TCGA_HT_7473_19970826\TCGA_HT_7473_19970826_24.tif,2.6595744673777724e-10,True,0.0,376.0,7.177370571298525e-05,4.703761577606201,0.0,0.0
TCGA_HT_7473_19970826,kaggle_3m\TCGA_HT_7473_19970826\TCGA_HT_7473_19970826_25.tif,1.0,False,0.0,0.0,7.769315561745316e-05,5.09169864654541,0.0,0.0
TCGA_HT_7473_19970826,kaggle_3m\TCGA_HT_7473_19970826\TCGA_HT_7473_19970826_26.tif,1.0,False,0.0,0.0,7.210273906821385e-05,4.725325107574463,0.0,0.0
TCGA_HT_7473_19970826,kaggle_3m\TCGA_HT_7473_19970826\TCGA_HT_7473_19970826_27.tif,1.0,False,0.0,0.0,5.582088851951994e-05,3.658277750015259,0.0,0.0
TCGA_HT_7473_19970826,kaggle_3m\TCGA_HT_7473_19970826\TCGA_HT_7473_19970826_28.tif,1.0,False,0.0,0.0,4.7818117309361696e-05,3.133808135986328,0.0,0.0
TCGA_HT_7473_19970826,kaggle_3m\TCGA_HT_7473_19970826\TCGA_HT_7473_19970826_29.tif,1.0,False,0.0,0.0,3.459601430222392e-05,2.267284393310547,0.0,0.0
TCGA_HT_7473_19970826,kaggle_3m\TCGA_HT_7473_19970826\TCGA_HT_7473_19970826_2.tif,1.0,False,0.0,0.0,1.7951482732314616e-05,1.1764683723449707,0.0,0.0
TCGA_HT_7473_19970826,kaggle_3m\TCGA_HT_7473_19970826\TCGA_HT_7473_19970826_30.tif,1.0,False,0.0,0.0,3.2606352760922164e-05,2.136889934539795,0.0,0.0
TCGA_HT_7473_19970826,kaggle_3m\TCGA_HT_7473_19970826\TCGA_HT_7473_19970826_31.tif,1.0,False,0.0,0.0,3.6710633139591664e-05,2.4058680534362793,0.0,0.0
TCGA_HT_7473_19970826,kaggle_3m\TCGA_HT_7473_19970826\TCGA_HT_7473_19970826_32.tif,1.0,False,0.0,0.0,4.4646523747360334e-05,2.925954580307007,0.0,0.0
TCGA_HT_7473_19970826,kaggle_3m\TCGA_HT_7473_19970826\TCGA_HT_7473_19970826_3.tif,1.0,False,0.0,0.0,0.005882164463400841,385.4935302734375,0.5952565854872538,0.46222078800201416
TCGA_HT_7473_19970826,kaggle_3m\TCGA_HT_7473_19970826\TCGA_HT_7473_19970826_4.tif,1.0,False,0.0,0.0,2.169565050280653e-05,1.4218461513519287,0.0,0.0
TCGA_HT_7473_19970826,kaggle_3m\TCGA_HT_7473_19970826\TCGA_HT_7473_19970826_5.tif,1.0,False,0.0,0.0,2.0207131456118077e-05,1.3242945671081543,0.0,0.0
TCGA_HT_7473_19970826,kaggle_3m\TCGA_HT_7473_19970826\TCGA_HT_7473_19970826_6.tif,1.0,False,0.0,0.0,2.3648186470381916e-05,1.5498075485229492,0.0,0.0
TCGA_HT_7473_19970826,kaggle_3m\TCGA_HT_7473_19970826\TCGA_HT_7473_19970826_7.tif,1.0,False,0.0,0.0,2.236603722849395e-05,1.4657806158065796,0.0,0.0
TCGA_HT_7473_19970826,kaggle_3m\TCGA_HT_7473_19970826\TCGA_HT_7473_19970826_8.tif,1.0,False,0.0,0.0,2.8337757612462156e-05,1.8571432828903198,0.0,0.0
TCGA_HT_7473_19970826,kaggle_3m\TCGA_HT_7473_19970826\TCGA_HT_7473_19970826_9.tif,1.0,False,0.0,0.0,3.158979961881414e-05,2.0702691078186035,0.0,0.0
TCGA_HT_7686_19950629,kaggle_3m\TCGA_HT_7686_19950629\TCGA_HT_7686_19950629_10.tif,0.9457186544363257,True,1306.0,1310.0,0.0018539322772994637,0.09296044707298279,0.018755395163984723,0.4882120192050934
TCGA_HT_7686_19950629,kaggle_3m\TCGA_HT_7686_19950629\TCGA_HT_7686_19950629_11.tif,0.9611253196940889,True,1964.0,1946.0,0.0017168939812108874,0.057261254638433456,0.01155153622564975,0.4871487319469452
TCGA_HT_7686_19950629,kaggle_3m\TCGA_HT_7686_19950629\TCGA_HT_7686_19950629_12.tif,0.9722711267611737,True,2280.0,2264.0,0.0018085993360728025,0.051963333040475845,0.01014285998343012,0.4704452455043793
TCGA_HT_7686_19950629,kaggle_3m\TCGA_HT_7686_19950629\TCGA_HT_7686_19950629_13.tif,0.9650754288083266,True,2447.0,2392.0,0.0021868436597287655,0.058544520288705826,0.01154251461040623,0.49876222014427185
TCGA_HT_7686_19950629,kaggle_3m\TCGA_HT_7686_19950629\TCGA_HT_7686_19950629_14.tif,0.9650613786599371,True,2167.0,2069.0,0.0028049361426383257,0.08478980511426926,0.019950830701540245,0.5069006085395813
TCGA_HT_7686_19950629,kaggle_3m\TCGA_HT_7686_19950629\TCGA_HT_7686_19950629_15.tif,0.9345870809511616,True,1295.0,1151.0,0.0025119325146079063,0.12702316045761108,0.031226259400111256,0.48903656005859375
TCGA_HT_7686_19950629,kaggle_3m\TCGA_HT_7686_19950629\TCGA_HT_7686_19950629_16.tif,0.9417528579236933,True,892.0,945.0,0.0017520778346806765,0.12858250737190247,0.02764983681536126,0.48799657821655273
TCGA_HT_7686_19950629,kaggle_3m\TCGA_HT_7686_19950629\TCGA_HT_7686_19950629_17.tif,1.0,False,0.0,0.0,3.2508756703464314e-05,2.1304938793182373,0.0,0.0
TCGA_HT_7686_19950629,kaggle_3m\TCGA_HT_7686_19950629\TCGA_HT_7686_19950629_18.tif,1.0,False,0.0,0.0,2.7972153475275263e-05,1.8331830501556396,0.0,0.0
TCGA_HT_7686_19950629,kaggle_3m\TCGA_HT_7686_19950629\TCGA_HT_7686_19950629_19.tif,1.0,False,0.0,0.0,2.9690259907511063e-05,1.945780873298645,0.0,0.0
TCGA_HT_7686_19950629,kaggle_3m\TCGA_HT_7686_19950629\TCGA_HT_7686_19950629_1.tif,1.0,False,0.0,0.0,2.3835997126298025e-05,1.5621159076690674,0.0,0.0
TCGA_HT_7686_19950629,kaggle_3m\TCGA_HT_7686_19950629\TCGA_HT_7686_19950629_20.tif,1.0,False,0.0,0.0,4.965285916114226e-05,3.254049777984619,0.0,0.0
TCGA_HT_7686_19950629,kaggle_3m\TCGA_HT_7686_19950629\TCGA_HT_7686_19950629_2.tif,1.0,False,0.0,0.0,2.3080887331161648e-05,1.5126290321350098,0.0,0.0
TCGA_HT_7686_19950629,kaggle_3m\TCGA_HT_7686_19950629\TCGA_HT_7686_19950629_3.tif,1.0,False,0.0,0.0,2.8251248295418918e-05,1.8514738082885742,0.0,0.0
TCGA_HT_7686_19950629,kaggle_3m\TCGA_HT_7686_19950629\TCGA_HT_7686_19950629_4.tif,1.0,False,0.0,0.0,2.9386215828708373e-05,1.925855040550232,0.0,0.0
TCGA_HT_7686_19950629,kaggle_3m\TCGA_HT_7686_19950629\TCGA_HT_7686_19950629_5.tif,1.0,False,0.0,0.0,2.7991616661893204e-05,1.834458589553833,0.0,0.0
TCGA_HT_7686_19950629,kaggle_3m\TCGA_HT_7686_19950629\TCGA_HT_7686_19950629_6.tif,1.0,False,0.0,0.0,2.78262268693652e-05,1.8236196041107178,0.0,0.0
TCGA_HT_7686_19950629,kaggle_3m\TCGA_HT_7686_19950629\TCGA_HT_7686_19950629_7.tif,0.8210526316260388,True,174.0,206.0,0.001991723431274295,0.7458833456039429,0.33258591627380985,0.4684527516365051
TCGA_HT_7686_19950629,kaggle_3m\TCGA_HT_7686_19950629\TCGA_HT_7686_19950629_8.tif,0.771561771588396,True,489.0,369.0,0.003317340509966016,0.4436841309070587,0.11294287362081268,0.524375855922699
TCGA_HT_7686_19950629,kaggle_3m\TCGA_HT_7686_19950629\TCGA_HT_7686_19950629_9.tif,0.9312699135215627,True,1054.0,1143.0,0.0022158799692988396,0.13764920830726624,0.031063672309113444,0.49748337268829346
TCGA_HT_8105_19980826,kaggle_3m\TCGA_HT_8105_19980826\TCGA_HT_8105_19980826_10.tif,1.0,False,0.0,0.0,4.557800275506452e-05,2.986999988555908,0.0,0.0
TCGA_HT_8105_19980826,kaggle_3m\TCGA_HT_8105_19980826\TCGA_HT_8105_19980826_11.tif,1.0,False,0.0,0.0,5.8415887906448916e-05,3.828343629837036,0.0,0.0
TCGA_HT_8105_19980826,kaggle_3m\TCGA_HT_8105_19980826\TCGA_HT_8105_19980826_12.tif,1.0,False,0.0,0.0,6.899872823851183e-05,4.521900653839111,0.0,0.0
TCGA_HT_8105_19980826,kaggle_3m\TCGA_HT_8105_19980826\TCGA_HT_8105_19980826_13.tif,1.0,False,0.0,0.0,5.8029723732033744e-05,3.8030359745025635,0.0,0.0
TCGA_HT_8105_19980826,kaggle_3m\TCGA_HT_8105_19980826\TCGA_HT_8105_19980826_14.tif,0.52529182888613,True,170.0,344.0,0.001414092374034226,0.5419529676437378,0.13685556321979342,0.4941331744194031
TCGA_HT_8105_19980826,kaggle_3m\TCGA_HT_8105_19980826\TCGA_HT_8105_19980826_15.tif,0.4539877300985693,True,394.0,1073.0,0.006121338345110416,1.0156152248382568,0.24852059828746653,0.49664661288261414
TCGA_HT_8105_19980826,kaggle_3m\TCGA_HT_8105_19980826\TCGA_HT_8105_19980826_16.tif,0.9076482257018371,True,2271.0,2266.0,0.009391391649842262,0.2708953619003296,0.06787428574063148,0.4777918756008148
TCGA_HT_8105_19980826,kaggle_3m\TCGA_HT_8105_19980826\TCGA_HT_8105_19980826_17.tif,0.38676844785015335,True,967.0,3749.0,0.029854362830519676,2.021214485168457,0.6574241730431376,0.5935539603233337
TCGA_HT_8105_19980826,kaggle_3m\TCGA_HT_8105_19980826\TCGA_HT_8105_19980826_18.tif,0.5015329998466753,True,1605.0,4592.0,0.033932581543922424,1.38468599319458,0.4971867196010683,0.57657790184021
TCGA_HT_8105_19980826,kaggle_3m\TCGA_HT_8105_19980826\TCGA_HT_8105_19980826_19.tif,0.9275309541157363,True,5258.0,5726.0,0.02774757146835327,0.34578147530555725,0.11652207649717572,0.5063496828079224
TCGA_HT_8105_19980826,kaggle_3m\TCGA_HT_8105_19980826\TCGA_HT_8105_19980826_1.tif,1.0,False,0.0,0.0,2.5333014491479844e-05,1.660224437713623,0.0,0.0
TCGA_HT_8105_19980826,kaggle_3m\TCGA_HT_8105_19980826\TCGA_HT_8105_19980826_20.tif,0.8514506059506844,True,4733.0,6159.0,0.03615766763687134,0.5005553364753723,0.199163489320223,0.4603848159313202
TCGA_HT_8105_19980826,kaggle_3m\TCGA_HT_8105_19980826\TCGA_HT_8105_19980826_21.tif,0.6637818255040375,True,3333.0,6604.0,0.03515840321779251,0.6911041140556335,0.30629722998081044,0.5485586524009705
TCGA_HT_8105_19980826,kaggle_3m\TCGA_HT_8105_19980826\TCGA_HT_8105_19980826_22.tif,0.7282367685363131,True,3831.0,6542.0,0.021636908873915672,0.3700408339500427,0.11999445398133957,0.5040228962898254
TCGA_HT_8105_19980826,kaggle_3m\TCGA_HT_8105_19980826\TCGA_HT_8105_19980826_23.tif,0.5885458510319229,True,2583.0,6130.0,0.024309732019901276,0.616549015045166,0.20102762864957846,0.5455394983291626
TCGA_HT_8105_19980826,kaggle_3m\TCGA_HT_8105_19980826\TCGA_HT_8105_19980826_24.tif,0.6399803536389983,True,2661.0,5483.0,0.022304346784949303,0.5491125583648682,0.18179646225365365,0.5106979608535767
TCGA_HT_8105_19980826,kaggle_3m\TCGA_HT_8105_19980826\TCGA_HT_8105_19980826_25.tif,0.7787021630643964,True,3086.0,4727.0,0.03162611275911331,0.6714120507240295,0.28755974748560753,0.5195193886756897
TCGA_HT_8105_19980826,kaggle_3m\TCGA_HT_8105_19980826\TCGA_HT_8105_19980826_26.tif,0.9456869009592552,True,3329.0,3557.0,0.013970610685646534,0.2749483287334442,0.09272803251313133,0.5424437522888184
TCGA_HT_8105_19980826,kaggle_3m\TCGA_HT_8105_19980826\TCGA_HT_8105_19980826_27.tif,0.962636520406924,True,2579.0,2640.0,0.012321799993515015,0.31299281120300293,0.11762854051864202,0.5177726745605469
TCGA_HT_8105_19980826,kaggle_3m\TCGA_HT_8105_19980826\TCGA_HT_8105_19980826_28.tif,0.9026494146672012,True,1698.0,1548.0,0.009722280316054821,0.37502023577690125,0.13258303590062215,0.44449231028556824
TCGA_HT_8105_19980826,kaggle_3m\TCGA_HT_8105_19980826\TCGA_HT_8105_19980826_29.tif,0.5906040269143282,True,192.0,404.0,0.004225221462547779,1.4347363710403442,0.3272984251776686,0.47895675897598267
TCGA_HT_8105_19980826,kaggle_3m\TCGA_HT_8105_19980826\TCGA_HT_8105_19980826_2.tif,1.0,False,0.0,0.0,2.4043110897764564e-05,1.5756893157958984,0.0,0.0
TCGA_HT_8105_19980826,kaggle_3m\TCGA_HT_8105_19980826\TCGA_HT_8105_19980826_30.tif,1.999999996e-09,True,0.0,50.0,0.0019075546879321337,125.01350402832031,0.5876038957535465,0.42505478858947754
TCGA_HT_8105_19980826,kaggle_3m\TCGA_HT_8105_19980826\TCGA_HT_8105_19980826_31.tif,1.0,False,0.0,0.0,4.281334622646682e-05,2.8058154582977295,0.0,0.0
TCGA_HT_8105_19980826,kaggle_3m\TCGA_HT_8105_19980826\TCGA_HT_8105_19980826_32.tif,1.0,False,0.0,0.0,4.7018955228850245e-05,3.0814342498779297,0.0,0.0
TCGA_HT_8105_19980826,kaggle_3m\TCGA_HT_8105_19980826\TCGA_HT_8105_19980826_3.tif,1.0,False,0.0,0.0,3.1963740184437484e-05,2.094775676727295,0.0,0.0
TCGA_HT_8105_19980826,kaggle_3m\TCGA_HT_8105_19980826\TCGA_HT_8105_19980826_4.tif,1.0,False,0.0,0.0,3.096978980465792e-05,2.0296361446380615,0.0,0.0
TCGA_HT_8105_19980826,kaggle_3m\TCGA_HT_8105_19980826\TCGA_HT_8105_19980826_5.tif,1.0,False,0.0,0.0,4.236040695104748e-05,2.7761316299438477,0.0,0.0
TCGA_HT_8105_19980826,kaggle_3m\TCGA_HT_8105_19980826\TCGA_HT_8105_19980826_6.tif,1.0,False,0.0,0.0,3.679200017359108e-05,2.411200523376465,0.0,0.0
TCGA_HT_8105_19980826,kaggle_3m\TCGA_HT_8105_19980826\TCGA_HT_8105_19980826_7.tif,1.0,False,0.0,0.0,4.0564693335909396e-05,2.658447742462158,0.0,0.0
TCGA_HT_8105_19980826,kaggle_3m\TCGA_HT_8105_19980826\TCGA_HT_8105_19980826_8.tif,1.0,False,0.0,0.0,2.966527608805336e-05,1.944143533706665,0.0,0.0
TCGA_HT_8105_19980826,kaggle_3m\TCGA_HT_8105_19980826\TCGA_HT_8105_19980826_9.tif,1.0,False,0.0,0.0,3.548674794728868e-05,2.3256595134735107,0.0,0.0
TCGA_HT_8114_19981030,kaggle_3m\TCGA_HT_8114_19981030\TCGA_HT_8114_19981030_10.tif,0.5370843990953748,True,105.0,286.0,0.0012113350676372647,0.7489250302314758,0.2320429285235447,0.4506596326828003
TCGA_HT_8114_19981030,kaggle_3m\TCGA_HT_8114_19981030\TCGA_HT_8114_19981030_11.tif,0.8977673325559479,True,824.0,878.0,0.001625087228603661,0.1290929913520813,0.02543626140493893,0.48152488470077515
TCGA_HT_8114_19981030,kaggle_3m\TCGA_HT_8114_19981030\TCGA_HT_8114_19981030_12.tif,0.9175845043692065,True,2459.0,2807.0,0.004768047481775284,0.12702389061450958,0.03024490531917512,0.47581884264945984
TCGA_HT_8114_19981030,kaggle_3m\TCGA_HT_8114_19981030\TCGA_HT_8114_19981030_13.tif,0.9616894544475201,True,3580.0,3807.0,0.00414374889805913,0.07583488523960114,0.016662973961635852,0.4910362958908081
TCGA_HT_8114_19981030,kaggle_3m\TCGA_HT_8114_19981030\TCGA_HT_8114_19981030_14.tif,0.9743285001191546,True,4141.0,4273.0,0.002871153876185417,0.04542827978730202,0.008718621278934302,0.4868088364601135
TCGA_HT_8114_19981030,kaggle_3m\TCGA_HT_8114_19981030\TCGA_HT_8114_19981030_15.tif,0.9759827936434939,True,4178.0,4191.0,0.0030961395241320133,0.04855434224009514,0.009048083101333426,0.4896507263183594
TCGA_HT_8114_19981030,kaggle_3m\TCGA_HT_8114_19981030\TCGA_HT_8114_19981030_16.tif,0.978118712273917,True,3930.0,4022.0,0.0024239656049758196,0.04041134938597679,0.006566270652141215,0.47479474544525146
TCGA_HT_8114_19981030,kaggle_3m\TCGA_HT_8114_19981030\TCGA_HT_8114_19981030_17.tif,0.9694358421977994,True,3627.0,3800.0,0.0027560358867049217,0.049784887582063675,0.009682772611876111,0.49610355496406555
TCGA_HT_8114_19981030,kaggle_3m\TCGA_HT_8114_19981030\TCGA_HT_8114_19981030_18.tif,0.9480775550452173,True,2888.0,3198.0,0.0028818720020353794,0.06537430733442307,0.015150602538280489,0.494845449924469
TCGA_HT_8114_19981030,kaggle_3m\TCGA_HT_8114_19981030\TCGA_HT_8114_19981030_19.tif,0.9435013934648213,True,1872.0,2075.0,0.002532360376790166,0.08860692381858826,0.022101204445644673,0.4974202811717987
TCGA_HT_8114_19981030,kaggle_3m\TCGA_HT_8114_19981030\TCGA_HT_8114_19981030_1.tif,1.0,False,0.0,0.0,2.1056010155007243e-05,1.3799266815185547,0.0,0.0
TCGA_HT_8114_19981030,kaggle_3m\TCGA_HT_8114_19981030\TCGA_HT_8114_19981030_20.tif,0.8862433862509098,True,715.0,797.0,0.0024828689638525248,0.2272588014602661,0.058728617563078345,0.5122434496879578
TCGA_HT_8114_19981030,kaggle_3m\TCGA_HT_8114_19981030\TCGA_HT_8114_19981030_21.tif,1.0,False,0.0,0.0,2.888025665015448e-05,1.892696499824524,0.0,0.0
TCGA_HT_8114_19981030,kaggle_3m\TCGA_HT_8114_19981030\TCGA_HT_8114_19981030_22.tif,1.0,False,0.0,0.0,3.0420471375691704e-05,1.9936360120773315,0.0,0.0
TCGA_HT_8114_19981030,kaggle_3m\TCGA_HT_8114_19981030\TCGA_HT_8114_19981030_2.tif,1.0,False,0.0,0.0,2.199578011641279e-05,1.4415154457092285,0.0,0.0
TCGA_HT_8114_19981030,kaggle_3m\TCGA_HT_8114_19981030\TCGA_HT_8114_19981030_3.tif,1.0,False,0.0,0.0,2.4946501071099192e-05,1.6348938941955566,0.0,0.0
TCGA_HT_8114_19981030,kaggle_3m\TCGA_HT_8114_19981030\TCGA_HT_8114_19981030_4.tif,1.0,False,0.0,0.0,2.5257502784370445e-05,1.6552757024765015,0.0,0.0
TCGA_HT_8114_19981030,kaggle_3m\TCGA_HT_8114_19981030\TCGA_HT_8114_19981030_5.tif,1.0,False,0.0,0.0,2.5589402866899036e-05,1.6770271062850952,0.0,0.0
TCGA_HT_8114_19981030,kaggle_3m\TCGA_HT_8114_19981030\TCGA_HT_8114_19981030_6.tif,1.0,False,0.0,0.0,2.705098086153157e-05,1.772813081741333,0.0,0.0
TCGA_HT_8114_19981030,kaggle_3m\TCGA_HT_8114_19981030\TCGA_HT_8114_19981030_7.tif,1.0,False,0.0,0.0,3.389395715203136e-05,2.2212743759155273,0.0,0.0
TCGA_HT_8114_19981030,kaggle_3m\TCGA_HT_8114_19981030\TCGA_HT_8114_19981030_8.tif,1.0,False,0.0,0.0,3.3875629014801234e-05,2.2200732231140137,0.0,0.0
TCGA_HT_8114_19981030,kaggle_3m\TCGA_HT_8114_19981030\TCGA_HT_8114_19981030_9.tif,1.0,False,0.0,0.0,5.3311210649553686e-05,3.4938035011291504,0.0,0.0
